Name,Email,
Software Group,
Texada Software,
Frontier Software,
InspireX - Software Services for AV Companies,
Rex Software,
Shortcuts Software,
Mipela GeoSolutions – software solutions provider to the energy and infrastructure sectors,
Fern Software,
Conest Software Systems,
First Line Software,
Resolve Software Group,
O'Neil Software,
LEAP Legal Software APAC,
Phorest Salon Software,
Momentum Software Solutions,
Storman Software Pty Ltd,
Best Practice Software,
InfoPOS Software,
ValuePRO Software,
SolveIT Software,
Antero Software,
Vertex BD Software,
Obzervr • Work Management Software for the Mining industry,
Foresiight Software,
A+W Software,
NexEver Pvt Ltd (Software Solutions),
Markinson Business Software Solutions,
Nightingale Software,
Metcare Enterprise Community Care Management Software,
COMPANION SOFTWARE,
TSA Software Solutions,
CERPASS® Software,
MakeSense Software Services,
Metrix - Software Built to Measure & Grow!,
CRU Software,
dad Software Solution,
Pinnacle Software Pty Ltd,
Wise Owl Legal Practice Management Software,
CivilPro Software,
Norbit Software,
GSO Software s.a.s,
Acorn Software,
Flout Software,
ZF Consulting Services II Software Quality Assurance Company,
iSmart Software,
WeldTrace - Welding Management Software,
Flex Catering Software,
COSTAR - Automotive & Tyre Software,
Today Software,
Sensium - Secure Fleet Management & Pool Vehicle Booking Software,
PEN Software Development Company,
Bizprac Construction Management Software,
Beehiive Software,
KEGS Software,
JiveIT Software Development,
Astute Software Solutions,
Veryon,
Zone & Co,
Sigga Technologies,
Construction Industry Solutions (COINS),
Humand,
Workforce.com,
For The Record (FTR),
Actionstep,
Innovapptive Inc,
One Model,
Biarri Networks,
"LiveTiles, a part of Omnia",
GeoCue,
Opengear,
SCOTCH. Software,
GroundProbe,
RippleWorx,
Micromine,
Mitra AI,
TinyMCE,
Esri Australia,
Humanforce,
blueAPACHE,
Centorrino Technologies,
COPA-DATA,
InfusAi,
CloudMarc,
Aptella,
LAB3,
SRA Information Technology,
Hornbill,
ARKA Softwares,
GBST,
GBTEC Group,
MetaDesign Solutions,
ONYX Insight,
V2 Digital,
Pet Loyalty Inc.,
SSW,
DysrupIT,
Revolution IT,
ContCentric - A Tridhya Tech Company,
Scout Talent,
Spait Infotech,
KERB,
AlgoDriven,
SoftLabs,
EventsAir,
Adaca,
Spotlight Reporting,
DiUS,
Megaport,
TravelOperations,
Maropost,
AccessHQ,
Adex International,
XcelTec (A CMMI Level 5 Company),
Octopus Deploy,
Shaligram Infotech,
AAPNA Infotheek Pvt. Ltd.,
Cubewise,
Infoxchange,
Vela APX,
Roubler,
Foster Moore - The registry people ®,
Trideca,
FUJIFILM MicroChannel,
Novigi,
Agilites,
KJR,
OBS,
VendorPanel,
Rhino Partners,
Ideal Business Software,
Objective Corporation,
RedEye,
Digital Maturity Group,
Readify,
Appinop Technologies,
Intact,
Australian Spatial Analytics,
ScaffPlan,
Central Innovation,
ProcurePro,
LEAP Australia,
MYtech Consulting Services,
WorkingMouse,
eBizneeds,
MyAffiliates,
Centaman,
Console Group,
Dynamics Square,
Fast Four / Zone & Co,
Green2View Pty Limited,
Aurion People & Payroll Solutions,
Emydex Technology,
Multimedia Technology,
ACETECH Global,
Adfinis,
ACA Pacific,
Terem,
XigeniX,
NumDesk,
Human Pixel Pty Ltd,
PASS SUITE,
TIMG (The Information Management Group),
Geekseat,
Rubicon Red,
Certus Solutions Limited,
foundU,
Aspirante,
GIS People,
Annexa - NetSuite Solution Provider,
Felix,
TekGro,
Chevin Fleet Solutions,
Biarri,
MediRecords,
Steltix,
DIgSILENT Pacific,
Powernet IT Solutions,
NextDynamix Tech,
CREYSTO,
Subscribe-HR,
Joyn Group,
UPG (Ultimate Positioning Group),
Lawcadia,
Appello,
Comtrac,
Intelltech,
Swiftpos,
Quorum,
YOW! Conferences,
ENTRA TECH,
Tour Amigo,
THOMAX,
SMC - Solution Minds Consulting,
Patient Zero,
ATech,
triSearch,
Transmax Pty Ltd,
XPON Technologies Group (ASX:XPN),
Cadgroup Australia,
SafetyIQ - Predictability at work.,
Keross,
Consultation Manager,
MIP Australia,
Lynkz,
Advance Vision Technology,
ACMO,
PhoenixDX,
TJS,
EFTlab,
Plaut IT Australia,
Dava Mud,
MYP Corporation,
FTP,
Polymathian - A Deswik Company,
SurePact,
FUJIFILM Upstream Solutions,
Netstar Australia,
iSystematic Inc.,
Vervio Digital,
Event Zero,
Aspin ~ B2B Ecommerce & CRM Catalogue Ordering App,
bdna,
Gaia Resources,
RBC Technology Group,
Truis,
Bueno,
Code for Australia,
Field Solutions Group (ASX:FSG),
PBT | Progressive Business Technologies,
Labrys,
KLINGE,
Switch Connect,
Encore IT Services,
Corporate Initiatives (Ci),
SixPivot,
Gruden,
FireMate - acquired by Uptick,
Titan Dealer Management Solutions (Titan DMS),
XP Solutions,
Five Faces,
OneKloudX | NetSuite Partner Australia,
DFLOW,
UBH Group,
The Alpha School System (TASS),
Henderson Technology - EDGEPoS,
NRG Phoenix Technology,
DalRae Solutions,
Bad Monkeys,
Freelance Robotics,
Mandalay Technologies,
Chemwatch,
Selected Interventions,
DreamWalk App Development,
CONQA,
Cloudcon,
Idea 11,
Moonward® Apps,
Whitefox Cloud Consulting,
FlyFreely,
BlackRock® Cachematrix™,
3 DOT DIGITAL,
Metro Midas,
Leverage Technologies,
EzeScan,
QualiWare,
Zahara,
Quinoid Business Solutions,
Digital Terrain,
Codafication,
zzoota,
Optical Solutions Australia (OSA),
365 Architechs Pty Ltd,
VeriDoc Global,
TabLogs,
IONYX,
TEMSCONSU,
Parasyn,
iVolve Industrial Technology,
Red Oxygen - SMS From Your PC,
Techscrolll,
Solentive,
eCTD Global (a subsidiary of Masuu Group of Companies),
SMART PLACE AG,
Retail Express by Maropost,
YNOT Consulting Services,
Viveo Group,
Kilimanjaro Consulting,
Konect Software,
Vonex,
TUFLOW,
Payapps Limited,
Codebots,
Redman Solutions,
Userback,
Able Home and Office (PNG),
ComActivity,
Smart City Systems,
Techwally,
Checkfirst,
Q2 Solutions,
Nexvia,
Squizify - Digital Food Safety Solutions,
Broadband Solutions,
Emate Technologies,
Tigernix,
VIRTUENIX | Salesforce Partner,
Bidpath,
Area9 IT Solutions,
Scalybee Digital Private Limited,
Attekus,
XPON,
CJV Partners,
BBC Digital Australia,
ISW,
RapidAIM Pty Ltd,
Hive Group Inc.,
Prime Ecosystem Pty Ltd,
TeleResult,
GPC,
andersenIT,
FuseWorks,
"Optizmo Technologies, LLC",
KE Consulting (UK and Australia),
Consillion Australia & New Zealand,
OSS Group Ltd,
Orien,
Datum360,
SG NewTech,
Infoview,
Life at Tridhya Tech,
Predico,
Alii - Accounts Payable & P2P Automation,
Idealpos,
LeanQ,
Maintenance Experts,
Appenate,
Cordell Information,
MediaForm,
Avantix,
Thrive Technologies,
Zeligate,
Chartertech Pty Ltd (acquired by KPMG Australia),
Intov8 Pty Ltd,
TEMSCORP - Omnium Lite - Test & IT Environment Management DevOps Toolset.,
EDT,
TTG,
vinCreative,
TeqPier Technologies Pty Ltd,
SureBridge,
NetEngine,
Focus Professional Services,
Autonomation,
MVP Ventures,
Freshmethod,
Verlata Consulting,
DataMC,
Pegasus Systems,
A2K Store,
OnPlan: A COSOL Company,
Fenwick,
Speedwell,
eagle.io,
Lux Modus,
QikKids,
Service Quality,
InTele Training,
Fedelta Point of Sale,
Productiv,
FlexiDev,
UrbanChain Group,
finPOWER,
Client Sense,
"AVT - Absolute Vision Technologies (Oracle NetSuite VAR, Partner & SI)",
INTELICS,
Fortis Security,
Crunchwork,
GPK Group Pty Ltd,
Aliva Pty Ltd,
Lime Intelligence - Data to Decisions,
UpSela,
Campfire Digital Services,
Liberate I.T. - now a Fusion5 Company,
Step Fwd IT,
Oncord,
ZUYYU,
Enterprise Wide,
ARLab,
Tonic Technologies,
Catalyst IT Australia | E-learning Technology Services,
The Cravern Group,
Pulse,
Assurity Australia,
Computer One,
Eagle Eye Tech One,
Jedi Hill TaaS,
Novabridge,
RES. Business IT,
IT Integrity,
Zoku Integrated Commerce,
Ascom Norway AS,
MAXART,
Dancrai - A CrossPoint Technology Solutions Company,
Keyob,
AR Digital Solutions,
C9,
Conscierra,
Webbernet,
Broadcast Virtual,
Shivam Technologies,
"Ey3 - Web, Database & Information Systems",
Libertas Partners Pty Ltd,
LANEX Australia,
PartsCheck,
Independent Solutions (Australia),
Knowledge Books & Software,
Zeroseven,
Tourism Media Pty Ltd,
Platformers®,
Unicard - Identity Solutions,
Uveaa,
IMRnext,
Access Intell - Credit Management,
Sprint,
OneCNC,
FSI- FM Solutions Limited (APAC),
ICEMEDIA,
Code Heroes,
Tactiv Pty Ltd,
Entegy Events,
Claratti,
DLTx Labs,
RACELAB Global,
Earth Technology,
uWorkin,
Pronamics Pty Ltd,
PowerHouse Hub,
Nidhi-Techworld,
Flying Donkey IT,
SmartCITY Australia,
CloudZone One,
ActiveDocs,
Perigon One,
Trapeze Group ANZ,
BrainStorm IT,
Black Quadrant Technologies,
SMG,
NEXUSsoft Pty Ltd,
Fluent Group,
PhoenxPLM - an ARKANCE Company,
Enabling Pty Ltd,
Alliance Business Technologies,
Whitesoft PTY Ltd,
Evocate,
Output42,
IT&C Technology Solutions Provider,
Digital Genius,
Star Business Solutions,
BetCloud,
Global-Roam Pty Ltd,
WK Digital,
Acumen Consulting,
Aeonaxis Softech (P) LTD,
NW Computing,
ASI Solutions Government,
Endpoint IQ,
Extensia,
Reddy2Grow,
OurProperty,
Orcoda Limited,
Spectronics Inclusive Learning Technologies,
Pilbara Group,
BankVault cybersecurity,
Proaxiom,
Bistech,
DanmarCRM PTY LTD,
Dreamworld IT Solution,
Communic8,
Advvy,
April9,
CRT Network Solutions,
AKIPS,
Liquid State,
Situ Systems,
FuseSign,
BAMITS,
Gammer Group,
TC&C,
softsolutions,
Cognizant Innovations,
Bay Technologies Pty Ltd,
Portalink™,
Oganro Ltd,
Conducive,
RMSS,
Chemist POS Direct Pty Ltd,
RGB Assurance,
Studio None,
eStorm Australia,
Stacktrace,
Insurtech Pty Ltd,
TransLogix,
Cybernite Technologies ®,
Law App,
Mammoth AU,
Imagetec Solutions,
The Citadel Group,
Netway Networks,
XVT Solutions,
Bloomtools,
ECHITEK,
AND Digital,
GuestPoint,
StockLive,
Synengco,
Computelec,
"Cobra Systems, Inc.",
Team Computing Australia Pty Ltd,
Fresh Computer Systems,
KIS Corporate,
dita Solutions,
evexus,
IntegrateIT Australia,
Prendi,
Viddi Digital Signage,
Myndful,
Doculife Global Inc.,
MetaWeb,
MCGlobal Solutions,
RoleSpot - Rail Professionals On-Demand,
Apache.com.au,
VostroNet,
Health IT,
Consensus,
Verge AI,
Modelve,
Yeahpoint,
RDB,
Integrated Logic,
CypherZee,
Chevin Fleet Solutions (APAC),
HubCore Consulting Ltd,
Bing Technologies Pty Ltd,
TBTC Brisbane,
Lighthouse,
Synerty,
Sopheon Asia Pacific,
Sigtec,
Conetix - Premier Web Hosting Provider,
VisiCase Australia Pty Ltd,
"KodeFox, Inc.",
LinkGenius,
Aspedia Australia,
StratosMedia,
QCS Group,
Surecom,
TriLine GRC,
Cube Cyber,
QIT Plus Pty Ltd,
Univerus Assets ANZ,
mattero,
GBM Konect,
iSystain,
DevOps Services,
Biarri EMI,
Digital Fusion Limited,
Dye & Durham Terrain,
Vonex Wholesale,
GZD,
Computit Pty Ltd,
Buckham & Duffy Consultants,
MySite Group,
Cryptsoft,
"Tutis Vreddo: Workforce Skills, Onboarding, Training & Learning Solutions",
PCXCOM,
ECConnect,
Accentis Pty Ltd,
Datasker,
Australian SharePoint Professionals,
Unlimited IT Group,
Entelsoft,
Care Systems,
The App Team,
EDUHUB TECHNOLOGIES Pty Ltd,
teQwise Pty Ltd,
Corearth Australia Pty Ltd,
Smart Business Systems Pty Ltd,
S5 Technology Group,
Platform Interactive,
Senterprisys Ltd,
GAD Solutions Pty Ltd,
FleetPursuit Pty Ltd,
Dawnview AI,
Softlink Information Centres,
IDSecure,
Synergistics Australia,
TrumpCode,
Wilson Technology Solutions,
ANSIC Group™,
readyBC,
CostOS,
Nimbus Portal Solutions,
Information Edge,
Clear Objective,
IT Services Brisbane,
Safety Evolved,
Key Business Solutions,
Trudi®,
FSI - FM Solutions Limited (Canada),
LWARE,
Two Mates Media,
Hegtavic,
MapTrack,
Tandm International,
WebIT (formerly Webtech IT Solutions),
Evotec Pty Ltd,
Multiplai Interviews,
PolyVisionAi,
Coresoft Business Solutions,
Code Squirrel,
ITM Solutions,
Kreative Bugs,
SOLVE8 IT Services,
eCastle Pty Ltd,
Lightning Payroll,
iCasework,
Aclas Australia,
Ark Solutions,
ClearDeskHQ,
Voice Recognition Australia,
Glamezy,
Vaultech,
Inspired Techs,
CJ Global Tech Pty Ltd,
Bitflo,
Quotec Systems,
FSI - FM Solutions Limited (Hong Kong),
Tech Sprints,
Jemini HR & Payroll,
CYONIC I.T. Professionals,
ERP Support & Solutions Pty Ltd,
Isovist,
Naevette,
Contal Group,
Tigernix Pty Ltd,
Business Accelerator 365,
Buy A Business,
COGS Project Therapy Pty Ltd,
Kepler Soft,
Microloop IT Solutions,
BSNAPPS.COM,
The Big Dot,
PRIME BPM | USA,
Resource & Exploration Mapping Pty Ltd,
Binary Evolution,
Autolync Pty Ltd,
MiCare Global,
MapSDG,
Infoware Services,
YouTour,
Eyedea Media Makers,
Oriium Consulting,
Codeworx,
Mission Technology Solutions,
BCI Technology,
Innoflex Technology,
CMTech Pty Ltd.,
Techno Keet Pvt Ltd,
Solar Quotation System,
MOVOX Pty Ltd,
Future Business Technology Group,
Netcyphers,
Concord,
JDK Group PTY Ltd,
Datastor Australia,
GatewayDMS,
Wincollect CRM,
SpatialEngage,
Talent Tide,
DevScout,
MemNet Solutions,
Aktura Technology,
Safety Evolved,
Novade Australia & New Zealand,
DSA | Document Services Australia,
PRIME BPM | Australia,
Excel with BIM,
CONNECTi,
Heritage IT,
Tracelabs,
MaITs (Managed IT Services),
SiteLink International,
AppaFy Interactive,
RadioInspector,
Djenie,
Dossiere,
WaveForm Global Pty Ltd,
Step Consultancy Pty Ltd,
Inturo,
Nimaitech,
Memories Group Limited (Naoca),
Guj Infotech,
e-PayDay,
Ariussoft Infotech Pvt. Ltd,
EconomX,
Colaberate,
Podamibe Pty Ltd.,
CXTech Consulting - Australia,
simTRAC Australia,
VetTec,
Venturi,
o360,
Provida Pty Ltd,
SMACKGRC,
Computer Empire,
Livestock Exchange AU,
Celtis Australis,
Spartan IT,
InformationLeader,
Data Revolution Technologies Pty Ltd,
CAP Technology,
Cedar Creek Company Pty Ltd,
SuperGeek,
SR Force Consultants,
Cirrus Australia,
The Tehnika Group,
Omnix Transport Solutions,
IRIS Next Generation,
Perduco Technologies,
Thorsys Australia Pty. Ltd.,
Twin Global Solutions Pty Ltd,
Xorpian Technologies Pvt. Ltd.,
Business Continuity Asia Pacific,
Despatchy,
Digital Forms,
ListOnce,
Divergent VR,
eBECAS,
Precision Computers,
PCXCOM,
Harvardbridge Communications,
Incredo Solutions,
PureTek Pty Ltd,
ScriptSoft Pty Ltd,
WebIT+ListOnce,
Mac & PC Doctors,
Periwin Solutions,
Adexio Pty Ltd,
Techwalker Holdings Pty Ltd,
Conversant (Australia) Pty Ltd,
Bright WiFi,
Maintology,
Qubasoft,
Genesis Augmented Reality,
Consolidated Computer Services,
e-com Business Solutions,
VitalDX,
Radix DM,
Mechanoid Group,
Customer Management Technologies,
Spectrum Point Cloud & Modelling,
GAINS Asia Pacific,
DSP - Daniele Saunders & Partners,
Indigit Australia,
Mastermind NDIS Auditing Solutions,
Cognishift Technologies,
NightStar Partners AU,
GD&S Group P/L,
Global Checks,
EZYPM,
Project Pro Tech Consultants,
People In The Cloud Pty Ltd,
Global Era Technologies,
Ordinii Retail Limited,
TechNext Pty Ltd,
PBT Ostendo,
JUST RESTART,
Capche,
Enigma Global Technologies,
Multimedia Australia,
Spend-Tech,
Diligence Business Solutions,
Mate4tech,
SignDirector,
DigiDad,
My New Admin PTY LTD,
Seecode Pty Ltd,
OptimAITech Pty Ltd,
Xoom Cloud,
Softbird,
BikeBay,
Powderkeg Entertainment,
PKML Professional Services,
3KN Pty Ltd,
Smart File Box,
Tonershop Brisbane,
Acuere Technology,
SmarteBuild,
Reveal Tools,
App Space Solutions,
Professional Outsource Group,
BHL Insight,
Strata IT,
