NAME,EMAIL
Verizon,
Accenture,
Deloitte,
Korn Ferry,
Infosys,
LHH,
VML,
Gartner,
Volvo Group,
Splunk,
Thoughtworks,
Vale,
Cushman & Wakefield,
Nutanix,
Adecco,
Rio Tinto,
Protiviti,
Wiley,
Mercer,
Expedia Group,
BHP,
Kearney,
Corpay,
Paramount,
YASH Technologies,
Michael Page,
Anglo American,
Deloitte Digital,
CI&T,
Arup,
Pegasystems,
Check Point Software,
HDR,
FTI Consulting,
Mott MacDonald,
NTT DATA,
Sandvik,
Schweitzer Engineering Laboratories (SEL),
Modis,
CSG,
GameStop,
Minerva Foods,
JBT Corporation,
Kantar,
Brunel,
Thiess,
Jones Day,
SICK Sensor Intelligence,
Concentrix Catalyst,
Kerry,
WPP,
Monash University,
Clyde & Co,
Yusen Logistics,
Alfa Laval,
StandardAero,
Vontier,
Troon,
CHEP,
Aurecon,
Bupa,
ASM Global,
DLA Piper,
Assystem,
Sulzer,
MCC Label,
NTT DATA Business Solutions,
Downer,
John Holland,
QUT (Queensland University of Technology),
PwC Australia,
Getinge,
Mammoet,
SMEC,
PageGroup,
Virgin Australia,
Navitas,
Allianz Partners,
Datacom,
Damen,
Norton Rose Fulbright,
Dentons,
Queensland Health,
MiTek,
ALS,
Origin Energy,
WernerCo.,
UGL,
Carrier Transicold Truck Trailer Refrigeration,
Valley Irrigation - A Valmont Company,
Harmony Gold Mining Company Limited,
Entain,
FLS,
Queensland Rail,
News Corp Australia,
ProDriven Global Brands,
Savino Del Bene,
"Commercial Vehicle Group, Inc.",
Suncorp Group,
Queensland Department of Education,
Cochlear,
Carrier Refrigeration,
Queensland Government,
WSP in Australia,
WIKA Group,
Tata Communications Transformation Services (TCTS),
Flight Centre Travel Group,
Randstad Australia,
Monadelphous,
Ventia,
BlueScope,
Qube,
IMI Norgren,
Ramsay Health Care,
"Howden, A Chart Industries Company",
Brisbane City Council,
Fives,
TOMRA,
Accent Group Limited,
Wilo Group,
Probe CX,
Macmahon,
Computershare,
Department of Transport and Main Roads,
Life Without Barriers,
RSK Group,
GVC Group,
HOERBIGER,
Aurizon,
Terex MPS,
Ghella,
Ray White,
Edwards Vacuum,
The Star Entertainment Group,
Harris Computer,
Metcash,
Queensland Police Service,
HDI Global SE,
Super Retail Group,
Compass Group Australia,
Crown Worldwide Group,
QGC,
Mater,
Guzman y Gomez Mexican Kitchen,
Domino's Pizza Enterprises Limited,
Applus+ Pacific,
WorkPac,
7-Eleven Australia,
Insignia Financial,
Goodstart Early Learning,
JBS Australia Pty Limited,
GROW10X,
Regis Aged Care,
Metro South Health,
Metro North Health,
Harcourts Real Estate,
CVG - Seating,
EPSA,
ATCO Structures,
ALH Hotels,
Inghams Group Limited,
Children's Health Queensland Hospital and Health Service,
FCM Travel - Middle East & Africa,
G8 Education Ltd,
TSA Group - Australia,
Brisbane Catholic Education,
UnitingCare Queensland,
Queensland Fire Department,
Queensland Corrective Services,
ManpowerGroup Australia,
Australia – Anglo American,
Sumitomo Electric Fusion Splicer,
Bolton Clarke,
UQ Business School,
MSS Security,
Wilson Security,
ADP Australia and New Zealand,
Hanson Australia,
DXC Practice for SAP,
DXC Practice for Oracle,
BlueCare,
Protiviti Australia,
Egis in ANZ,
Fluid Motion Solutions,
Flight Centre,
Drakes Supermarkets,
ASM Global (APAC),
"Department of Communities, Child Safety and Disability Services",
"Department of Families, Seniors, Disability Services and Child Safety",
ALS – Geochemistry & Metallurgy,
Fitness and Lifestyle Group,
SeaLink Marine & Tourism,
Ascender HCM,
FCM Travel Australia,
West Moreton Hospital and Health Service,
Affinity Education Group,
Innohub Technologies Pte Ltd,
UQ Ventures,
St Vincent de Paul Society Australia,
Eagers Automotive Limited,
Crawford & Company (Australia),
Collins Foods Limited,
JLT Australia,
Consolidated Contracting Company Australia Pty Ltd (a subsidary of Consolidated Contractors Company),
Bunzl Australia & New Zealand,
Zimmer Biomet ANZ,
Link Market Services,
Land Queensland,
Qld Health,
Transit Systems,
"QUT Science, IT and Maths",
Young Engineers Australia Queensland (YEAQ),
Peter Alexander,
POMT,
McKenzie Aged Care Group Pty Ltd,
Avanade Australia,
Clipchamp,
The Coffee Club Australia,
Wotif.com,
RSL Care,
Water Queensland,
Dahua Technology Australia and New Zealand,
Pinnacle People Australia,
Waste Recycling Industry Association (QLD) inc (WRIQ),
HYDAC Australia & New Zealand,
PeopleIN,
Griffith Sciences,
Global Development at UQ,
AP Eagers Limited,
NGA Human Resources - Australia & New Zealand,
World Mining Congress 2023,
UnitingCare Health,
Claro Aged Care and Disability Services,
Caring for You Nursing Agency,
ISPE Australasia Affiliate,
SonataCX,
JBT FoodTech - Australia & New Zealand,
"QUT Engineering, Architecture and Built Environment",
Global IT Alliance (GITA),
HCA Allied Health,
RDNS (Royal District Nursing Service) Group,
UQ Law School,
BizNeXT,
St Vincent's Care,
GF Piping Systems Australia & New Zealand,
ACAP Professional Year,
QUT Health,
STRABAG Australia,
DCP Global,
Professional Learning Hub,
PetCloud - Pet Management & Care Bookings,
Taco Bell Australia,
Knauf Insulation APAC,
Cinema Association Australasia,
Griffith Sciences Partnerships Office,
RSK APAC,
KPMG Hands-on Systems,
QUT Graduate Research Network,
Queensland State Emergency Service,
"Covetrus Technology Solutions, Asia Pacific",
Yutong Australia,
FletcherTech,
Apex Group Ltd (Australia Branch),
General Dynamics Land Systems – Australia,
Lincoln Electric Australia,
ALS Food Australia,
Transport Engineering Solutions (TES),
Victory & Indian Motorcycle Australia,
Flight Centre Foundation,
Meals on Wheels™ Australia,
"Bearcat Tyres, Wheels & Tracks (CAMSO)",
Vialto Partners Australia and New Zealand,
Cities Research Institute,
Exclusive Tyre Distributors,
FMAA Brisbane,
ChIPs Australia and New Zealand (ANZ) Chapter,
AIHomeSearch,
"Health Group, Griffith University",
SAF-HOLLAND AUSTRALIA PTY LTD,
Nudgee College Old Boys' Association Inc.,
Scouts Queensland,
Penske Truck Rental and Leasing Australia,
Consultus Recruitment and Research,
"UQ School of Architecture, Design and Planning",
Queensland Justices Association,
Herston Imaging Research Facility,
MSS Strategic Medical and Rescue,
QUT Design Lab,
Diamond Focus International Team,
"Better Together - Our Health, Our Way",
Ipswich Grammar School Old Boys Association,
Ramsay Psychology,
Freemasons Queensland,
Atlassian Community - Australia and New Zealand,
UniSQ Construction Management,
SRS Underwriting Pty Ltd,
Flight Centre Travel Group Germany,
QUT Business School Alumni,
FisherONE Online Education,
Toro Asia,
"UQ Health, Medicine and Behavioural Sciences",
i-SAIRAS 2024,
IEEE Australia Council,
Australasian Centre for PASS,
Scrubs Nursing Agency,
Australian E-Learning Association,
"Anti Allergies, Asthma & Anaphylaxis Worldwide™️",
Softlink Education,
Brand Industrial Services (Australia),
BOQ Broker,
Office of 2032 Games Engagement,
UQ Geotechnical Engineering Centre (GEC),
Archie Hardware,
Queensland Centre for Olympic and Paralympic Studies,
Brisbane Grammar School Old Boys Association,
Mater Health Services,
QUT Learning & Teaching,
UQ Edge,
Australian Prison Officers Assocation,
IEEE CSDE,
FC Business School,
Gang Stalking Wiki,
Ukl,
Ramsay Doctors,
Middle East Language Development Institute,
Bechtel Australia Proprietary Limited,
Cleantec - Campbell Brothers Ltd,
Andropenis Penis Enlargement Australia,
Christian Warriors for God,
Ries Rail Services (Aust),
Dance Cart,
Small Business Research Hub Griffith University,
Holy Cross School Wooloowin,
Australia Leading Property Investments (ALPI),
St Rita's College Alumnae,
Social Media Expert Marketing Agency,
YoHome,
QUT BSA Speakers,
Theorise This!,
IET Queensland Local Network,
SHUFFLE DANCE SHOW,
Willship,
QUT BSA VAP,
Elle Lavon Stylist,
Stratacare Australia,
INTELLIGENCIJA,
QUT BSA Events,
PowerPlus Electrical And Communications Australia,
ISZY SPV Global Group Australia,
Style Events,
Crown Support Services,
InnovaScape,
Ketsio,
VALLEYREBEL,
AL MOPI,
Adeline's House,
InnovaScape,
DataLogicalServices,
Salsa shop online,
Erudite Collective Pty Ltd,
Kingdom Builders Africa,
Kingdom Purpose,
VIRGIN AUSTRALIA HOLDINGS LT,
PARANAMA,
Ace Stringing Services,
Movement Habits,
All-About Charter Service,
Apex Retail Solutions,
ZYX Learning Centres Limited,
Airswift,
Tekskills Inc.,
Degreed,
Prometheus Group,
Talogy,
Bluebeam,
MiQ,
Hexagon Mining,
Hudson,
Wisk,
Concentrix Tigerspike,
Fircroft,
H-E Parts International,
Big Ass Fans,
Evernex,
Air Charter Service,
One Network Enterprises,
Davidson,
Tetra Tech Coffey,
Tridhya Tech Limited,
ZingHR,
FLANDERS,
Seymour Whyte,
PVH - PVHardware,
Civil Aviation Safety Authority,
Hassell,
Robert Bird Group,
Data Intensity,
Secretariat,
Roboyo,
The Fair Work Ombudsman,
Australian Digital Health Agency,
Fusion5,
PHMG,
NHP Electrical Engineering Products,
Resolian,
ADCO Constructions,
BESIX Watpac,
Payrix from Worldpay,
Twin Disc,
Lawyers On Demand,
Hansen Yuncken,
Struers,
Servcorp,
Frasers Property Australia,
Icon,
Datamine,
Architectus,
Kane Constructions Pty Ltd,
Go1,
Georgiou,
Richard Crookes Constructions,
Seequent,
Unique Group,
Unispace,
Cohesive,
AlayaCare,
Charter Hall,
Urbis,
SHAPE Australia,
FDC Construction & Fitout,
Inland Rail,
EML,
carsales,
Superloop,
oOh!,
Verian Group,
Nous Group,
Fleetwood,
Fyfe Pty Ltd,
Shell Energy Australia,
AERODYNE GROUP,
LMG,
Save the Children Australia,
New Hope Group,
Judo Bank,
Klohn Crippen Berger,
Northrop Consulting Engineers,
Sedgman Pty Limited,
Landscape Solutions,
Medartis,
Arbon Equipment Corporation,
ADF Careers,
Nova Systems Australia and New Zealand,
Macquarie Technology Group,
NDY,
Simpro Software,
CS Energy,
Abt Global Australia,
Savills Australia & New Zealand,
Ogilvy Australia,
McNab,
QinetiQ Australia,
ILSC Education Group,
OMD Australia,
Slater and Gordon Lawyers,
BMS Group,
Magnetic Group,
COLLAR®,
DWS,
Mills Oakley,
Stanwell Corporation Limited,
Canon Australia,
GrowthOps,
Precision Aviation Group,
Aeris Resources Limited,
Cbus Super Fund,
Isentia,
Discova,
Abergeldie Complex Infrastructure,
Veris,
Gadens,
SAGE Automation,
Valenta,
MMD GROUP,
Kaplan Business School,
Mantel Group,
"Department of State Development, Infrastructure and Planning",
DBM Vircon,
Atturra,
Unitywater,
IMDEX,
Mining Queensland,
National Heavy Vehicle Regulator,
FKG Group,
Peninsula Employsure Australia,
aecc,
The APP Group,
Ovolo Hotels,
Corpay Cross-Border Solutions,
Aussizz Group,
Lander & Rogers,
Redgate Software,
TSA Management,
The New Zealand Institute for Plant and Food Research Limited,
Diona,
Tait Communications,
"The Bradbury Co., Inc.",
CV Services Group,
Sunsuper,
20Cube Logistics,
Challenger Limited,
Svitzer Australia,
Patrick Terminals,
BGC Engineering Inc.,
Publicis Groupe ANZ,
Versent,
KordaMentha,
Orgadata AG,
CNW Electrical Wholesale,
UniLodge,
Mercer Valve Co. Inc.,
Australian Agricultural Company (AACo),
Tritusa Consulting,
Contract Resources Pty Ltd,
Simonds Homes,
WGA (Wallbridge Gilbert Aztec),
Ricoh Australia,
Sparke Helmore Lawyers,
Barhead Solutions,
Thomson Geer,
Interactive,
Vision Australia,
Tradecorp International,
Crown Equipment Pty Ltd - Australia,
Queensland Building and Construction Commission,
Ampion,
EDL,
SCOTT,
Shine Lawyers,
Oakton,
Sime Motors Australia,
GWA Group Limited,
Lovehoney Group,
QIMR Berghofer Medical Research Institute,
HLB Mann Judd,
Australia China Business Council,
Whittens,
Consolidated Power Projects,
ACOR Consultants,
Star Aviation™,
Wotton Kearney,
Henley Homes,
Morgans Financial Limited,
WorkCover Queensland,
InXpress,
Translational Research Institute Australia,
Antaisolar,
IPD,
Assure,
Presence of IT,
Wood & Grieve Engineers now part of Stantec,
Queensland Performing Arts Centre (QPAC),
One Harvest,
JFC International Inc.,
Fenner Conveyors,
BildGroup,
COS,
Nexon Asia Pacific,
Empired,
Entain Australia & New Zealand,
Douglas Partners Pty Ltd,
Followmont Transport Pty Ltd,
Burbank,
The Hour Glass,
Interflow,
Wagners,
JB Hi-Fi Business,
Department of the Premier and Cabinet (Queensland),
Education Centre of Australia,
Reapit,
Greenwich College,
Yurika,
Moray & Agnew,
Gallagher Bassett Australia,
G&S Engineering Services,
G.J. Gardner Homes,
CR Powered by Epiroc,
Avant Mutual,
Fives - Aluminium,
GR Engineering Services Ltd,
Culture Kings,
Capral Aluminium,
Manheim Australia,
Youfoodz,
Nexia Australia,
LogiCamms,
Meriton Suites,
Ahrens,
Principle,
NTI,
Opteon AUS & NZ,
Liberty Specialty Markets (Asia Pacific),
"Department of Trade, Employment and Training",
Comdain Infrastructure,
Teachers Mutual Bank Limited,
Stanmore Resources Limited,
Dhanush Group,
Real Pet Food Company,
"Workforce Solutions, a division of NTT Ltd.",
CareSuper,
RYCO,
SAGE Group,
Altius Group,
Onsite Rental Group,
RDO Equipment Australia,
CoreStaff - Recruitment Specialists,
Temperzone,
Sarina Russo Group,
Toyota Material Handling Australia,
Iplex Pipelines,
Robatech,
VivoPower,
Macpac Ltd.,
Northline,
Corporate Travel Management (CTM) Asia,
Scape Australia,
ResourceCo,
KAUP GmbH & Co. KG,
EGR,
Pro-Pac Packaging (Aust) Pty Ltd,
Top Knot Carpentry & Joinery,
Brisbane Convention & Exhibition Centre,
PKF - Australia,
The Lottery Corporation,
Glue Store,
D&E Air Conditioning,
Herron Todd White,
Hawker Pacific,
Kestrel Coal Resources,
Deaf Connect,
Everyday Independence,
DDH1 Drilling,
RSGx,
Lindsay Australia Ltd,
ALSPEC,
Mitchell Services Limited (ASX: MSV),
Glen Cameron Group,
National Storage,
Potentia Solutions Leisure,
Access Offshoring,
Codan Limited,
Legal Aid Queensland,
SEAWAY,
Kings Transport,
Qscan Group,
readi,
Bosch Rexroth Australia,
Magentus | Practice Management,
Women Lawyers Association of Queensland (WLAQ),
Porter Group CE,
Allianz Partners Australia,
Pentana Solutions,
Bothar Group,
Maven Dental Group,
BCI LeadManager,
Introba Australia,
Howard Smith Wharves,
Loan Market,
FUJIFILM CSG Limited,
Firstmac,
Lysaght,
LSH Auto Australia,
Pillow Talk Australia,
Eptec Group,
Seeley International Pty Ltd,
Safe Places for Children,
Ron Finemore Transport,
Re.Group,
National Dental Care,
PCM ARTIFICIAL LIFT SOLUTIONS,
Supagas,
BevChain,
UCG - Universal Communications Group,
Saunders,
Surf Life Saving Queensland,
Idemitsu Australia Pty Ltd.,
Xpand Ops. - Social Media Content & Management,
DXC Consulting & Engineering Services,
Collection House Group,
Queensland Parliament,
Technology Elite - Build Your Elite Team (ISO27001),
Brisbane Racing Club,
Fresh Produce Group,
Salter Brothers Hospitality,
Benestar,
Vermeer Australia,
Batchfire Resources,
Superior Food Services,
A&L Windows | Doors,
Reward Hospitality AU,
Stoddart Group,
Flexpipe,
New Era Technology AU,
Carers Queensland,
Ashdown-Ingram,
Century Yuasa Batteries,
John Paul College,
Otraco International Pty Ltd,
Labour Solutions Australia,
WholeLife Pharmacy & Healthfoods,
Foot Locker Asia Pacific,
KnG Group,
St Peters Lutheran College,
BDS VirCon,
INSELEC,
Outposter,
Ritchie Bros. Asia Pacific,
BlueScope Distribution,
Institute for Urban Indigenous Health,
Help Enterprises,
Sealy of Australia,
Round Oak Minerals Pty Limited,
Lives Lived Well,
TDG Environmental,
Vacenti Aged Care,
MIGAS Apprentices & Trainees,
PMI Queensland,
Axis Services Group,
JR Academy,
Tender Loving Care Disability Services,
The Brown and Hurley Group Pty Ltd,
Civilmart,
Executive Risk Solutions (ERS),
XL Express,
Infrastructure Nation,
Ostwald Bros,
Motorama Group,
Key Assets (Australia),
CorpTech,
MCI Australia,
Detector Inspector,
Envest,
Evolution Group Holdings Limited,
CBC Australia Pty Limited,
McColl's Transport,
Spinal Life Australia,
AusIndustry,
Trivantage Manufacturing,
Martin Brower ANZ,
INAC Hospitality,
Apollo Motorhome Holidays,
SKS Technologies,
Learning Seat,
Humes - A Division of Holcim Australia,
"Encara | Allied Health For Aged Care, Home Care and NDIS",
Jobfit Health Group,
QBD Books,
Cat5 Rail,
Humanity Health Group,
Eurofins Australia New Zealand,
MAX | A Tabcorp Company,
UD Trucks Australia,
Poolwerx Corporation Pty Ltd,
Journey Early Learning Group,
Alloggio Group,
Haynes,
HealthX Australia,
Buildsafe,
St Andrew's War Memorial Hospital,
BarChip Inc.,
Australian Skin Clinics,
"UQ Humanities, Arts and Social Sciences",
WPC Group,
Alzheimer's Queensland,
AGP sGlass,
Southern Cross Protection,
Trend Windows & Doors,
FleetPlus,
St Vincent's Private Hospital Northside,
360 Personnel,
Star Hotel Group,
CELOTTI WORKFORCE,
Stanwell Energy,
Bentleys Australia and Bentleys New Zealand,
Queensland Health Coronial and Public Health Sciences (formerly FSS),
BOQ Business,
Clark Equipment Sales Pty Ltd,
Vauth-Sagel,
Steamatic Australia,
Dowell Windows,
DGL Group,
Will International,
Lewis Land,
Apprenticeships Are Us Limited,
Netpoleon ANZ,
Petstock Vet,
Good Price Pharmacy Warehouse,
MotorCycle Holdings Limited,
QLM Label Makers,
Timbertruss,
Burger Urge,
Manufacturing Queensland,
Go Touch Down Travel and Tours,
Care Squared,
Derrick® Australia,
Reliance Worldwide Corporation – APAC,
Queensland Revenue Office,
Kent Removals & Storage,
Holmes Group,
DIALOG Fitzroy Ltd,
IESANZ - The Lighting Society,
ZICOM Holdings Private Limited,
Marquis Macadamias,
VENUSOLO CONGLOMERATE,
Herston Quarter,
Medical Staff,
RSK Australia,
Queensland Public Trustee,
Verifact Traffic Pty Ltd,
Contract Resources Recruitment,
Workfast,
Deadly Choices,
InXpress Australia & New Zealand,
Smithbridge Group,
Snap Fitness Asia Pacific,
King's Christian College,
Medlab Pathology AUSTRALIA,
Rexco People,
Edmund Rice Education Australia Flexible Schools Ltd,
scaleup by Hudson,
B&D Garage Doors and Openers,
Xaerus Performance Fluids International,
Interleasing,
Catholic Early EdCare,
Orrcon Steel | Manufacturing,
Little Scholars School of Early Learning,
Australian Acoustical Society,
Lynch Group,
Qualitas Health Australia,
Health Hubs,
Undrground,
Cabrini Technology Group,
Royans Transport Accident Repairs,
Burbank Group,
ZEDER Corporation,
Multiquip Poultry Pty Ltd,
Wymap Group,
Office of Industrial Relations,
National Tyre & Wheel Pty Ltd,
ITGA Group,
St John Ambulance Queensland,
KnG Healthcare,
Beam Connect,
Jani-King Australia,
Platinum Staffing,
Palm Lake Group,
Decipha,
Golden Cockerel Pty Ltd,
ITP Accounting Professionals,
Australian Sickle Cell Advocacy Inc (ASCA),
Teachers Mutual Bank,
RE/MAX Australia,
Ingenia Lifestyle,
NECA Training & Apprenticeships,
HS Fresh Food Group,
Mylestones Employment,
Jones Retail Group,
Comsenze,
National Trust of Australia (Queensland),
Access Group Solutions,
At Home Care,
PMSA - Presbyterian & Methodist Schools Association,
Insure Connect Services,
Palm Lake Care,
Ten Sixty Four Ltd,
FLPA - Family Law Practitioners Association of Queensland,
RGM Maintenance,
Traffic Technologies Ltd,
Pricefinder,
The Bansal Group,
SPS Facilities,
Brisbane Advertising Association (BAA),
CONSTANT,
Tourism Adventure Group (TAG),
Sirrom Corp.,
Dealer Auction Australia,
Ingenia Holiday Parks,
Kingswim,
Remmy Substrates,
Rural Doctors Association of Queensland,
Affordable Staff,
Machinery Trader Australia,
Holy Spirit Northside Private Hospital,
Harness Master Wiring Systems - HMWS,
Griffith Business School Research,
I-care Reliability Australia,
HCS MANAGEMENT | Hotel and Club Specialists,
Bus Queensland,
20Cube Logistics Australia,
East Coast Apprenticeships,
PGL Adventure Camps,
Australian Weighing Equipment Group,
Aspire Hub,
Blue Energy,
Blenners Transport,
Metalcorp,
Resource Development Group (RDG),
Orgadata Australia,
EGR Automotive,
Avenues Early Learning Centre,
Jabiru Community Services,
Care Squared Kids,
Christadelphian Aged Care,
Telum Labour Hire,
Amalgamated Pest Control,
Cubis Systems - Australia,
MotorOne Autobody,
Kodály Australia,
McGuire's Hotels,
Inno-Stream International,
Dexa Group,
Tait Communications Brasil,
Shingle Inn Cafes,
Sci-Fleet Toyota,
Health Professionals Bank,
Permalink Support Services,
Coreserve Australia Pty Ltd,
Queensland Childcare Services (QCCS),
Van Leeuwen Pipe & Tube Australia Pty Ltd,
UniBank,
Bellrock Group | Facilities Services | Security Services | Cleaning Services,
Panthera Finance Group,
TropAg International Agriculture Conference,
Management & Training Corporation Australia Pty Ltd,
Arden Group,
HCA Community Care,
Hughes Chauffeur Service,
Pedal Group Pty Ltd,
Adaptalift Access Equipment Rentals,
Australian College of Training and Employment,
Biniris (Aust.) Pty Ltd,
IES Aust & NZ - Qld Chapter - The Lighting Society,
Pro Bono Econos,
Kemp Recruitment International,
Strike Bowling Bar,
International Collaborative Network for N-of-1 Trials and Single-Case Designs,
Firefighters Mutual Bank,
Worrells Queensland,
None,
IEEE Queensland Section,
SILLY SOLLY'S GROUP,
9Round Australia & New Zealand,
NAFEA - National Association of Field Experience Administrators,
Zupps (Automotive Holdings Group QLD),
Cleankings Facility Services,
Adventure Online,
QLM Group,
Cornerstone Healthcare Property Fund,
Transform Solutions,
Broadlex Cleaning & Property Services,
Programmed Care,
DBK Drymatic,
Queensland Lutheran Early Childhood and School-Aged Care Services,
Apollo RV Sales,
TractorHouse Australia,
VA Mining PTY LTD,
Promotional Models Australia,
Shine Justice,
Veldon Group Pty Ltd,
QIMR Berghofer Student Society,
Total Focus Cleaning,
Advanced Cleaning,
EGR Extrusion,
Dandjoo Services,
Drinx Group Pty Ltd,
Knoxcorp,
Pyramid International Inc,
Nova Consolidated,
Azure App Foundry,
ShanYoung Group,
MPS Connect,
Adaptalift Store,
Traffic Control Innovations,
Commercial Property Cleaning Pty Ltd,
Career Employment Australia Ltd,
UAVIS Pty. Ltd.,
DB Group Global Pty Ltd,
Newstars Education & Migration,
V.I.P 360,
RIVAL 4x4 Australia Pty Ltd,
Machinery Trader 日本,
"McML Systems, Australia",
SovPlym Ltd,
Qualification Edge,
Diksha Australia,
Parcel Protect,
Chefs On The Run Australia Pty Ltd,
Lumi Group Pty Ltd,
Full Designs,
Creators Content Review,
Microskin International Pty Ltd,
Aspenservices,
Douglas Chemists Group,
Apollo Tourism & Leisure Ltd,
Visy Boxes & More,
Amora Hotels & Resorts,
Gift Abroad Studies,
PerfArt Perforated Metal by Stoddart,
Cash for Car Brisbane,
AI Consulting & Advisory,
Coromal Caravans,
Paradox Knight Online,
Winnebago Australia & New Zealand,
DBI Group,
Machinery Trader Asia-中文,
Progressive Home Tutors,
Zonta International District 22,
Task Labour Australia,
Stone Project Marketing,
Pivot Parts Group,
ShedTech International Version 5.19-5.21,
YMCA Rat Race,
Australian Chinese Club,
BNE Copper Recycling,
Conquests / United international rescue organisations,
Affordable Content Marketing,
United Korean Students in Queensland (UKSQ),
Stoddart TMR Accredited Fabricators,
We Buy Vehicles,
Night Security Pty Ltd,
Australis Agencies,
4wd Wreckers Brisbane,
MasterBrokers Sales & Merchandising,
Chill Egg Freeze,
Grade Assignment Help,
U3A Pine Rivers Inc.,
Sun Security Group Pty Ltd,
"Glenway, Amway by Glen Burnham",
Department of Environment and Heritage Protection,
ODIN HOMES PTY LTD,
All Cars Buyer,
Thermawood Queensland,
Salisbury Car Removals,
Insure Connect Services UK,
XSenergy2XS,
Queensland Electricity Transmission Corporation Limited,
Peabody Energy Australia PCI Pty Ltd.,
Malouf Pharmacies,
THE NATURALS Band,
National Tyre & Wheel Holdings Ltd,
Fast Online Solutions,
JRL Advanced Solar,
Boardroom AV and Camera Packages,
Espresso Wizards,
Nicora Boutique,
Follow Me 2 Fitness,
Family First Party Qld Limited,
QGC Upstream Investments Pty Ltd,
Northern SEQ Distributor-Retailer Authority,
Airswift,
Tekskills Inc.,
Degreed,
Prometheus Group,
Talogy,
Bluebeam,
MiQ,
Hexagon Mining,
Hudson,
Wisk,
Concentrix Tigerspike,
Fircroft,
H-E Parts International,
Big Ass Fans,
Evernex,
Air Charter Service,
One Network Enterprises,
Davidson,
Tetra Tech Coffey,
Tridhya Tech Limited,
ZingHR,
FLANDERS,
Seymour Whyte,
PVH - PVHardware,
Civil Aviation Safety Authority,
Hassell,
Robert Bird Group,
Data Intensity,
Secretariat,
Roboyo,
The Fair Work Ombudsman,
Australian Digital Health Agency,
Fusion5,
PHMG,
NHP Electrical Engineering Products,
Resolian,
ADCO Constructions,
BESIX Watpac,
Payrix from Worldpay,
Twin Disc,
Lawyers On Demand,
Hansen Yuncken,
Struers,
Servcorp,
Frasers Property Australia,
Icon,
Datamine,
Architectus,
Kane Constructions Pty Ltd,
Go1,
Georgiou,
Richard Crookes Constructions,
Seequent,
Unique Group,
Unispace,
Cohesive,
AlayaCare,
Charter Hall,
Urbis,
SHAPE Australia,
FDC Construction & Fitout,
Inland Rail,
EML,
carsales,
Superloop,
oOh!,
Verian Group,
Nous Group,
Fleetwood,
Fyfe Pty Ltd,
Shell Energy Australia,
AERODYNE GROUP,
LMG,
Save the Children Australia,
New Hope Group,
Judo Bank,
Klohn Crippen Berger,
Northrop Consulting Engineers,
Sedgman Pty Limited,
Landscape Solutions,
Medartis,
Arbon Equipment Corporation,
ADF Careers,
Nova Systems Australia and New Zealand,
Macquarie Technology Group,
NDY,
Simpro Software,
CS Energy,
Abt Global Australia,
Savills Australia & New Zealand,
Ogilvy Australia,
McNab,
QinetiQ Australia,
ILSC Education Group,
OMD Australia,
Slater and Gordon Lawyers,
BMS Group,
Magnetic Group,
COLLAR®,
DWS,
Mills Oakley,
Stanwell Corporation Limited,
Canon Australia,
GrowthOps,
Precision Aviation Group,
Aeris Resources Limited,
Cbus Super Fund,
Isentia,
Discova,
Abergeldie Complex Infrastructure,
Veris,
Gadens,
SAGE Automation,
Valenta,
MMD GROUP,
Kaplan Business School,
Mantel Group,
"Department of State Development, Infrastructure and Planning",
DBM Vircon,
Atturra,
Unitywater,
IMDEX,
Mining Queensland,
National Heavy Vehicle Regulator,
FKG Group,
Peninsula Employsure Australia,
aecc,
The APP Group,
Ovolo Hotels,
Corpay Cross-Border Solutions,
Aussizz Group,
Lander & Rogers,
Redgate Software,
TSA Management,
The New Zealand Institute for Plant and Food Research Limited,
Diona,
Tait Communications,
"The Bradbury Co., Inc.",
CV Services Group,
Sunsuper,
20Cube Logistics,
Challenger Limited,
Svitzer Australia,
Patrick Terminals,
BGC Engineering Inc.,
Publicis Groupe ANZ,
Versent,
KordaMentha,
Orgadata AG,
CNW Electrical Wholesale,
UniLodge,
Mercer Valve Co. Inc.,
Australian Agricultural Company (AACo),
Tritusa Consulting,
Contract Resources Pty Ltd,
Simonds Homes,
WGA (Wallbridge Gilbert Aztec),
Ricoh Australia,
Sparke Helmore Lawyers,
Barhead Solutions,
Thomson Geer,
Interactive,
Vision Australia,
Tradecorp International,
Crown Equipment Pty Ltd - Australia,
Queensland Building and Construction Commission,
Ampion,
EDL,
SCOTT,
Shine Lawyers,
Oakton,
Sime Motors Australia,
GWA Group Limited,
Lovehoney Group,
QIMR Berghofer Medical Research Institute,
HLB Mann Judd,
Australia China Business Council,
Whittens,
Consolidated Power Projects,
ACOR Consultants,
Star Aviation™,
Wotton Kearney,
Henley Homes,
Morgans Financial Limited,
WorkCover Queensland,
InXpress,
Translational Research Institute Australia,
Antaisolar,
IPD,
Assure,
Presence of IT,
Wood & Grieve Engineers now part of Stantec,
Queensland Performing Arts Centre (QPAC),
One Harvest,
JFC International Inc.,
Fenner Conveyors,
BildGroup,
COS,
Nexon Asia Pacific,
Empired,
Entain Australia & New Zealand,
Douglas Partners Pty Ltd,
Followmont Transport Pty Ltd,
Burbank,
The Hour Glass,
Interflow,
Wagners,
JB Hi-Fi Business,
Department of the Premier and Cabinet (Queensland),
Education Centre of Australia,
Reapit,
Greenwich College,
Yurika,
Moray & Agnew,
Gallagher Bassett Australia,
G&S Engineering Services,
G.J. Gardner Homes,
CR Powered by Epiroc,
Avant Mutual,
Fives - Aluminium,
GR Engineering Services Ltd,
Culture Kings,
Capral Aluminium,
Manheim Australia,
Youfoodz,
Nexia Australia,
LogiCamms,
Meriton Suites,
Ahrens,
Principle,
NTI,
Opteon AUS & NZ,
Liberty Specialty Markets (Asia Pacific),
"Department of Trade, Employment and Training",
Comdain Infrastructure,
Teachers Mutual Bank Limited,
Stanmore Resources Limited,
Dhanush Group,
Real Pet Food Company,
"Workforce Solutions, a division of NTT Ltd.",
CareSuper,
RYCO,
SAGE Group,
Altius Group,
Onsite Rental Group,
RDO Equipment Australia,
CoreStaff - Recruitment Specialists,
Temperzone,
Sarina Russo Group,
Toyota Material Handling Australia,
Iplex Pipelines,
Robatech,
VivoPower,
Macpac Ltd.,
Northline,
Corporate Travel Management (CTM) Asia,
Scape Australia,
ResourceCo,
KAUP GmbH & Co. KG,
EGR,
Pro-Pac Packaging (Aust) Pty Ltd,
Top Knot Carpentry & Joinery,
Brisbane Convention & Exhibition Centre,
PKF - Australia,
The Lottery Corporation,
Glue Store,
D&E Air Conditioning,
Herron Todd White,
Hawker Pacific,
Kestrel Coal Resources,
Deaf Connect,
Everyday Independence,
DDH1 Drilling,
RSGx,
Lindsay Australia Ltd,
ALSPEC,
Mitchell Services Limited (ASX: MSV),
Glen Cameron Group,
National Storage,
Potentia Solutions Leisure,
Access Offshoring,
Codan Limited,
Legal Aid Queensland,
SEAWAY,
Kings Transport,
Qscan Group,
readi,
Bosch Rexroth Australia,
Magentus | Practice Management,
Women Lawyers Association of Queensland (WLAQ),
Porter Group CE,
Allianz Partners Australia,
Pentana Solutions,
Bothar Group,
Maven Dental Group,
BCI LeadManager,
Introba Australia,
Howard Smith Wharves,
Loan Market,
FUJIFILM CSG Limited,
Firstmac,
Lysaght,
LSH Auto Australia,
Pillow Talk Australia,
Eptec Group,
Seeley International Pty Ltd,
Safe Places for Children,
Ron Finemore Transport,
Re.Group,
National Dental Care,
PCM ARTIFICIAL LIFT SOLUTIONS,
Supagas,
BevChain,
UCG - Universal Communications Group,
Saunders,
Surf Life Saving Queensland,
Idemitsu Australia Pty Ltd.,
Xpand Ops. - Social Media Content & Management,
DXC Consulting & Engineering Services,
Collection House Group,
Queensland Parliament,
Technology Elite - Build Your Elite Team (ISO27001),
Brisbane Racing Club,
Fresh Produce Group,
Salter Brothers Hospitality,
Benestar,
Vermeer Australia,
Batchfire Resources,
Superior Food Services,
A&L Windows | Doors,
Reward Hospitality AU,
Stoddart Group,
Flexpipe,
New Era Technology AU,
Carers Queensland,
Ashdown-Ingram,
Century Yuasa Batteries,
John Paul College,
Otraco International Pty Ltd,
Labour Solutions Australia,
WholeLife Pharmacy & Healthfoods,
Foot Locker Asia Pacific,
KnG Group,
St Peters Lutheran College,
BDS VirCon,
INSELEC,
Outposter,
Ritchie Bros. Asia Pacific,
BlueScope Distribution,
Institute for Urban Indigenous Health,
Help Enterprises,
Sealy of Australia,
Round Oak Minerals Pty Limited,
Lives Lived Well,
TDG Environmental,
Vacenti Aged Care,
MIGAS Apprentices & Trainees,
PMI Queensland,
Axis Services Group,
JR Academy,
Tender Loving Care Disability Services,
The Brown and Hurley Group Pty Ltd,
Civilmart,
Executive Risk Solutions (ERS),
XL Express,
Infrastructure Nation,
Ostwald Bros,
Motorama Group,
Key Assets (Australia),
CorpTech,
MCI Australia,
Detector Inspector,
Envest,
Evolution Group Holdings Limited,
CBC Australia Pty Limited,
McColl's Transport,
Spinal Life Australia,
AusIndustry,
Trivantage Manufacturing,
Martin Brower ANZ,
INAC Hospitality,
Apollo Motorhome Holidays,
SKS Technologies,
Learning Seat,
Humes - A Division of Holcim Australia,
"Encara | Allied Health For Aged Care, Home Care and NDIS",
Jobfit Health Group,
QBD Books,
Cat5 Rail,
Humanity Health Group,
Eurofins Australia New Zealand,
MAX | A Tabcorp Company,
UD Trucks Australia,
Poolwerx Corporation Pty Ltd,
Journey Early Learning Group,
Alloggio Group,
Haynes,
HealthX Australia,
Buildsafe,
St Andrew's War Memorial Hospital,
BarChip Inc.,
Australian Skin Clinics,
"UQ Humanities, Arts and Social Sciences",
WPC Group,
Alzheimer's Queensland,
AGP sGlass,
Southern Cross Protection,
Trend Windows & Doors,
FleetPlus,
St Vincent's Private Hospital Northside,
360 Personnel,
Star Hotel Group,
CELOTTI WORKFORCE,
Stanwell Energy,
Bentleys Australia and Bentleys New Zealand,
Queensland Health Coronial and Public Health Sciences (formerly FSS),
BOQ Business,
Clark Equipment Sales Pty Ltd,
Vauth-Sagel,
Steamatic Australia,
Dowell Windows,
DGL Group,
Will International,
Lewis Land,
Apprenticeships Are Us Limited,
Netpoleon ANZ,
Petstock Vet,
Good Price Pharmacy Warehouse,
MotorCycle Holdings Limited,
QLM Label Makers,
Timbertruss,
Burger Urge,
Manufacturing Queensland,
Go Touch Down Travel and Tours,
Care Squared,
Derrick® Australia,
Reliance Worldwide Corporation – APAC,
Queensland Revenue Office,
Kent Removals & Storage,
Holmes Group,
DIALOG Fitzroy Ltd,
IESANZ - The Lighting Society,
ZICOM Holdings Private Limited,
Marquis Macadamias,
VENUSOLO CONGLOMERATE,
Herston Quarter,
Medical Staff,
RSK Australia,
Queensland Public Trustee,
Verifact Traffic Pty Ltd,
Contract Resources Recruitment,
Workfast,
Deadly Choices,
InXpress Australia & New Zealand,
Smithbridge Group,
Snap Fitness Asia Pacific,
King's Christian College,
Medlab Pathology AUSTRALIA,
Rexco People,
Edmund Rice Education Australia Flexible Schools Ltd,
scaleup by Hudson,
B&D Garage Doors and Openers,
Xaerus Performance Fluids International,
Interleasing,
Catholic Early EdCare,
Orrcon Steel | Manufacturing,
Little Scholars School of Early Learning,
Australian Acoustical Society,
Lynch Group,
Qualitas Health Australia,
Health Hubs,
Undrground,
Cabrini Technology Group,
Royans Transport Accident Repairs,
ITGA Group,
St John Ambulance Queensland,
KnG Healthcare,
Beam Connect,
Jani-King Australia,
Platinum Staffing,
Palm Lake Group,
Decipha,
Golden Cockerel Pty Ltd,
ITP Accounting Professionals,
Australian Sickle Cell Advocacy Inc (ASCA),
Teachers Mutual Bank,
RE/MAX Australia,
Ingenia Lifestyle,
NECA Training & Apprenticeships,
HS Fresh Food Group,
Mylestones Employment,
Jones Retail Group,
Comsenze,
National Trust of Australia (Queensland),
Access Group Solutions,
At Home Care,
PMSA - Presbyterian & Methodist Schools Association,
Insure Connect Services,
Palm Lake Care,
Ten Sixty Four Ltd,
FLPA - Family Law Practitioners Association of Queensland,
RGM Maintenance,
Traffic Technologies Ltd,
Pricefinder,
The Bansal Group,
SPS Facilities,
Brisbane Advertising Association (BAA),
CONSTANT,
Rural Doctors Association of Queensland,
Affordable Staff,
Machinery Trader Australia,
Holy Spirit Northside Private Hospital,
Harness Master Wiring Systems - HMWS,
Griffith Business School Research,
I-care Reliability Australia,
HCS MANAGEMENT | Hotel and Club Specialists,
Bus Queensland,
20Cube Logistics Australia,
East Coast Apprenticeships,
PGL Adventure Camps,
Australian Weighing Equipment Group,
Aspire Hub,
Blue Energy,
Blenners Transport,
Metalcorp,
Resource Development Group (RDG),
Orgadata Australia,
EGR Automotive,
Avenues Early Learning Centre,
Jabiru Community Services,
Care Squared Kids,
Christadelphian Aged Care,
Telum Labour Hire,
Amalgamated Pest Control,
Cubis Systems - Australia,
MotorOne Autobody,
Kodály Australia,
McGuire's Hotels,
Inno-Stream International,
Dexa Group,
Tait Communications Brasil,
Shingle Inn Cafes,
Sci-Fleet Toyota,
Health Professionals Bank,
Permalink Support Services,
Coreserve Australia Pty Ltd,
Queensland Childcare Services (QCCS),
Van Leeuwen Pipe & Tube Australia Pty Ltd,
UniBank,
Bellrock Group | Facilities Services | Security Services | Cleaning Services,
Panthera Finance Group,
TropAg International Agriculture Conference,
Management & Training Corporation Australia Pty Ltd,
Arden Group,
HCA Community Care,
Hughes Chauffeur Service,
Pedal Group Pty Ltd,
Adaptalift Access Equipment Rentals,
Australian College of Training and Employment,
Biniris (Aust.) Pty Ltd,
IES Aust & NZ - Qld Chapter - The Lighting Society,
Pro Bono Econos,
Kemp Recruitment International,
Strike Bowling Bar,
International Collaborative Network for N-of-1 Trials and Single-Case Designs,
Firefighters Mutual Bank,
Worrells Queensland,
None,
IEEE Queensland Section,
SILLY SOLLY'S GROUP,
9Round Australia & New Zealand,
NAFEA - National Association of Field Experience Administrators,
Broadlex Cleaning & Property Services,
Programmed Care,
DBK Drymatic,
Queensland Lutheran Early Childhood and School-Aged Care Services,
Apollo RV Sales,
TractorHouse Australia,
VA Mining PTY LTD,
Promotional Models Australia,
Shine Justice,
Veldon Group Pty Ltd,
QIMR Berghofer Student Society,
Total Focus Cleaning,
Advanced Cleaning,
EGR Extrusion,
Dandjoo Services,
Drinx Group Pty Ltd,
Knoxcorp,
Pyramid International Inc,
Nova Consolidated,
Azure App Foundry,
ShanYoung Group,
MPS Connect,
Adaptalift Store,
Traffic Control Innovations,
Commercial Property Cleaning Pty Ltd,
Career Employment Australia Ltd,
UAVIS Pty. Ltd.,
DB Group Global Pty Ltd,
Newstars Education & Migration,
V.I.P 360,
RIVAL 4x4 Australia Pty Ltd,
Machinery Trader 日本,
"McML Systems, Australia",
SovPlym Ltd,
Creators Content Review,
Microskin International Pty Ltd,
Aspenservices,
Douglas Chemists Group,
Apollo Tourism & Leisure Ltd,
Visy Boxes & More,
Amora Hotels & Resorts,
Gift Abroad Studies,
PerfArt Perforated Metal by Stoddart,
Cash for Car Brisbane,
Software Group,
Texada Software,
Frontier Software,
InspireX - Software Services for AV Companies,
Rex Software,
Shortcuts Software,
Mipela GeoSolutions – software solutions provider to the energy and infrastructure sectors,
Fern Software,
Conest Software Systems,
First Line Software,
Resolve Software Group,
O'Neil Software,
LEAP Legal Software APAC,
Phorest Salon Software,
Momentum Software Solutions,
Storman Software Pty Ltd,
Best Practice Software,
InfoPOS Software,
ValuePRO Software,
SolveIT Software,
Antero Software,
Vertex BD Software,
Obzervr • Work Management Software for the Mining industry,
Foresiight Software,
A+W Software,
NexEver Pvt Ltd (Software Solutions),
Markinson Business Software Solutions,
Nightingale Software,
Metcare Enterprise Community Care Management Software,
COMPANION SOFTWARE,
TSA Software Solutions,
CERPASS® Software,
MakeSense Software Services,
Metrix - Software Built to Measure & Grow!,
CRU Software,
dad Software Solution,
Pinnacle Software Pty Ltd,
Wise Owl Legal Practice Management Software,
CivilPro Software,
Norbit Software,
GSO Software s.a.s,
Acorn Software,
Flout Software,
ZF Consulting Services II Software Quality Assurance Company,
iSmart Software,
WeldTrace - Welding Management Software,
Flex Catering Software,
COSTAR - Automotive & Tyre Software,
Today Software,
Sensium - Secure Fleet Management & Pool Vehicle Booking Software,
PEN Software Development Company,
Bizprac Construction Management Software,
Beehiive Software,
KEGS Software,
JiveIT Software Development,
Astute Software Solutions,
Veryon,
Zone & Co,
Sigga Technologies,
Construction Industry Solutions (COINS),
Humand,
Workforce.com,
For The Record (FTR),
Actionstep,
Innovapptive Inc,
One Model,
Biarri Networks,
"LiveTiles, a part of Omnia",
GeoCue,
Opengear,
SCOTCH. Software,
GroundProbe,
RippleWorx,
Micromine,
Mitra AI,
TinyMCE,
Esri Australia,
Humanforce,
blueAPACHE,
Centorrino Technologies,
COPA-DATA,
InfusAi,
CloudMarc,
Aptella,
LAB3,
SRA Information Technology,
Hornbill,
ARKA Softwares,
GBST,
GBTEC Group,
MetaDesign Solutions,
ONYX Insight,
V2 Digital,
Pet Loyalty Inc.,
SSW,
DysrupIT,
Revolution IT,
ContCentric - A Tridhya Tech Company,
Scout Talent,
Spait Infotech,
KERB,
AlgoDriven,
SoftLabs,
EventsAir,
Adaca,
Spotlight Reporting,
DiUS,
Megaport,
TravelOperations,
Maropost,
AccessHQ,
Adex International,
XcelTec (A CMMI Level 5 Company),
Octopus Deploy,
Shaligram Infotech,
AAPNA Infotheek Pvt. Ltd.,
Cubewise,
Infoxchange,
Vela APX,
Roubler,
Foster Moore - The registry people ®,
Trideca,
FUJIFILM MicroChannel,
Novigi,
Agilites,
KJR,
OBS,
VendorPanel,
Rhino Partners,
Ideal Business Software,
Objective Corporation,
RedEye,
Digital Maturity Group,
Readify,
Appinop Technologies,
Intact,
Australian Spatial Analytics,
ScaffPlan,
Central Innovation,
ProcurePro,
LEAP Australia,
MYtech Consulting Services,
WorkingMouse,
eBizneeds,
MyAffiliates,
Centaman,
Console Group,
Dynamics Square,
Fast Four / Zone & Co,
Green2View Pty Limited,
Aurion People & Payroll Solutions,
Emydex Technology,
Multimedia Technology,
ACETECH Global,
Adfinis,
ACA Pacific,
Terem,
XigeniX,
NumDesk,
Human Pixel Pty Ltd,
PASS SUITE,
TIMG (The Information Management Group),
Geekseat,
Rubicon Red,
Certus Solutions Limited,
foundU,
Aspirante,
GIS People,
Annexa - NetSuite Solution Provider,
Felix,
TekGro,
Chevin Fleet Solutions,
Biarri,
MediRecords,
Steltix,
DIgSILENT Pacific,
Powernet IT Solutions,
NextDynamix Tech,
CREYSTO,
Subscribe-HR,
Joyn Group,
UPG (Ultimate Positioning Group),
Lawcadia,
Appello,
Comtrac,
Intelltech,
Swiftpos,
Quorum,
YOW! Conferences,
ENTRA TECH,
Tour Amigo,
THOMAX,
SMC - Solution Minds Consulting,
Patient Zero,
ATech,
triSearch,
Transmax Pty Ltd,
XPON Technologies Group (ASX:XPN),
Cadgroup Australia,
SafetyIQ - Predictability at work.,
Keross,
Consultation Manager,
MIP Australia,
Lynkz,
Advance Vision Technology,
ACMO,
PhoenixDX,
TJS,
EFTlab,
Plaut IT Australia,
Dava Mud,
MYP Corporation,
FTP,
Polymathian - A Deswik Company,
SurePact,
FUJIFILM Upstream Solutions,
Netstar Australia,
iSystematic Inc.,
Vervio Digital,
Event Zero,
Aspin ~ B2B Ecommerce & CRM Catalogue Ordering App,
bdna,
Gaia Resources,
RBC Technology Group,
Truis,
Bueno,
Code for Australia,
Field Solutions Group (ASX:FSG),
PBT | Progressive Business Technologies,
Labrys,
KLINGE,
Switch Connect,
Encore IT Services,
Corporate Initiatives (Ci),
SixPivot,
Gruden,
FireMate - acquired by Uptick,
Titan Dealer Management Solutions (Titan DMS),
XP Solutions,
Five Faces,
OneKloudX | NetSuite Partner Australia,
DFLOW,
UBH Group,
The Alpha School System (TASS),
Henderson Technology - EDGEPoS,
NRG Phoenix Technology,
DalRae Solutions,
Bad Monkeys,
Freelance Robotics,
Mandalay Technologies,
Chemwatch,
Selected Interventions,
DreamWalk App Development,
CONQA,
Cloudcon,
Idea 11,
Moonward® Apps,
Whitefox Cloud Consulting,
FlyFreely,
BlackRock® Cachematrix™,
3 DOT DIGITAL,
Metro Midas,
Leverage Technologies,
EzeScan,
QualiWare,
Zahara,
Quinoid Business Solutions,
Digital Terrain,
Codafication,
zzoota,
Optical Solutions Australia (OSA),
365 Architechs Pty Ltd,
VeriDoc Global,
TabLogs,
IONYX,
TEMSCONSU,
Parasyn,
iVolve Industrial Technology,
Red Oxygen - SMS From Your PC,
Techscrolll,
Solentive,
eCTD Global (a subsidiary of Masuu Group of Companies),
SMART PLACE AG,
Retail Express by Maropost,
YNOT Consulting Services,
Viveo Group,
Kilimanjaro Consulting,
Konect Software,
Vonex,
TUFLOW,
Payapps Limited,
Codebots,
Redman Solutions,
Userback,
Able Home and Office (PNG),
ComActivity,
Smart City Systems,
Techwally,
Checkfirst,
Q2 Solutions,
Nexvia,
Squizify - Digital Food Safety Solutions,
Broadband Solutions,
Emate Technologies,
Tigernix,
VIRTUENIX | Salesforce Partner,
Bidpath,
Area9 IT Solutions,
Scalybee Digital Private Limited,
Attekus,
XPON,
CJV Partners,
BBC Digital Australia,
ISW,
RapidAIM Pty Ltd,
Hive Group Inc.,
Prime Ecosystem Pty Ltd,
TeleResult,
GPC,
andersenIT,
FuseWorks,
"Optizmo Technologies, LLC",
KE Consulting (UK and Australia),
Consillion Australia & New Zealand,
OSS Group Ltd,
Orien,
Datum360,
SG NewTech,
Infoview,
Life at Tridhya Tech,
Predico,
Alii - Accounts Payable & P2P Automation,
Idealpos,
LeanQ,
Maintenance Experts,
Appenate,
Cordell Information,
MediaForm,
Avantix,
Thrive Technologies,
Zeligate,
Chartertech Pty Ltd (acquired by KPMG Australia),
Intov8 Pty Ltd,
TEMSCORP - Omnium Lite - Test & IT Environment Management DevOps Toolset.,
EDT,
TTG,
vinCreative,
TeqPier Technologies Pty Ltd,
SureBridge,
NetEngine,
Focus Professional Services,
Autonomation,
MVP Ventures,
Freshmethod,
Verlata Consulting,
DataMC,
Pegasus Systems,
A2K Store,
OnPlan: A COSOL Company,
Fenwick,
Speedwell,
eagle.io,
Lux Modus,
QikKids,
Service Quality,
InTele Training,
Fedelta Point of Sale,
Productiv,
FlexiDev,
UrbanChain Group,
finPOWER,
Client Sense,
"AVT - Absolute Vision Technologies (Oracle NetSuite VAR, Partner & SI)",
INTELICS,
Fortis Security,
Crunchwork,
GPK Group Pty Ltd,
Aliva Pty Ltd,
Lime Intelligence - Data to Decisions,
UpSela,
Campfire Digital Services,
Liberate I.T. - now a Fusion5 Company,
Step Fwd IT,
Oncord,
ZUYYU,
Enterprise Wide,
ARLab,
Tonic Technologies,
Catalyst IT Australia | E-learning Technology Services,
The Cravern Group,
Pulse,
Assurity Australia,
Computer One,
Eagle Eye Tech One,
Jedi Hill TaaS,
Novabridge,
RES. Business IT,
IT Integrity,
Zoku Integrated Commerce,
Ascom Norway AS,
MAXART,
Dancrai - A CrossPoint Technology Solutions Company,
Keyob,
AR Digital Solutions,
C9,
Conscierra,
Webbernet,
Broadcast Virtual,
Shivam Technologies,
"Ey3 - Web, Database & Information Systems",
Libertas Partners Pty Ltd,
LANEX Australia,
PartsCheck,
Independent Solutions (Australia),
Knowledge Books & Software,
Zeroseven,
Tourism Media Pty Ltd,
Platformers®,
Unicard - Identity Solutions,
Uveaa,
IMRnext,
Access Intell - Credit Management,
Sprint,
OneCNC,
FSI- FM Solutions Limited (APAC),
ICEMEDIA,
Code Heroes,
Tactiv Pty Ltd,
Entegy Events,
Claratti,
DLTx Labs,
RACELAB Global,
Earth Technology,
uWorkin,
Pronamics Pty Ltd,
PowerHouse Hub,
Nidhi-Techworld,
Flying Donkey IT,
SmartCITY Australia,
CloudZone One,
ActiveDocs,
Perigon One,
Trapeze Group ANZ,
BrainStorm IT,
Black Quadrant Technologies,
SMG,
NEXUSsoft Pty Ltd,
Fluent Group,
PhoenxPLM - an ARKANCE Company,
Enabling Pty Ltd,
Alliance Business Technologies,
Whitesoft PTY Ltd,
Evocate,
Output42,
IT&C Technology Solutions Provider,
Digital Genius,
Star Business Solutions,
BetCloud,
Global-Roam Pty Ltd,
WK Digital,
Acumen Consulting,
Aeonaxis Softech (P) LTD,
NW Computing,
ASI Solutions Government,
Endpoint IQ,
Extensia,
Reddy2Grow,
OurProperty,
Orcoda Limited,
Spectronics Inclusive Learning Technologies,
Pilbara Group,
BankVault cybersecurity,
Proaxiom,
Bistech,
DanmarCRM PTY LTD,
Dreamworld IT Solution,
Communic8,
Advvy,
April9,
CRT Network Solutions,
AKIPS,
Liquid State,
Situ Systems,
FuseSign,
BAMITS,
Gammer Group,
TC&C,
softsolutions,
Cognizant Innovations,
Bay Technologies Pty Ltd,
Portalink™,
Oganro Ltd,
Conducive,
RMSS,
Chemist POS Direct Pty Ltd,
RGB Assurance,
Studio None,
eStorm Australia,
Stacktrace,
Insurtech Pty Ltd,
TransLogix,
Cybernite Technologies ®,
Law App,
Mammoth AU,
Imagetec Solutions,
The Citadel Group,
Netway Networks,
XVT Solutions,
Bloomtools,
ECHITEK,
AND Digital,
GuestPoint,
StockLive,
Synengco,
Computelec,
"Cobra Systems, Inc.",
Team Computing Australia Pty Ltd,
Fresh Computer Systems,
KIS Corporate,
dita Solutions,
evexus,
IntegrateIT Australia,
Prendi,
Viddi Digital Signage,
Myndful,
Doculife Global Inc.,
MetaWeb,
MCGlobal Solutions,
RoleSpot - Rail Professionals On-Demand,
Apache.com.au,
VostroNet,
Health IT,
Consensus,
Verge AI,
Modelve,
Yeahpoint,
RDB,
Integrated Logic,
CypherZee,
Chevin Fleet Solutions (APAC),
HubCore Consulting Ltd,
Bing Technologies Pty Ltd,
TBTC Brisbane,
Lighthouse,
Synerty,
Sopheon Asia Pacific,
Sigtec,
Conetix - Premier Web Hosting Provider,
VisiCase Australia Pty Ltd,
"KodeFox, Inc.",
LinkGenius,
Aspedia Australia,
StratosMedia,
QCS Group,
Surecom,
TriLine GRC,
Cube Cyber,
QIT Plus Pty Ltd,
Univerus Assets ANZ,
mattero,
GBM Konect,
iSystain,
DevOps Services,
Biarri EMI,
Digital Fusion Limited,
Dye & Durham Terrain,
Vonex Wholesale,
GZD,
Computit Pty Ltd,
Buckham & Duffy Consultants,
MySite Group,
Cryptsoft,
"Tutis Vreddo: Workforce Skills, Onboarding, Training & Learning Solutions",
PCXCOM,
ECConnect,
Accentis Pty Ltd,
Datasker,
Australian SharePoint Professionals,
Unlimited IT Group,
Entelsoft,
Care Systems,
The App Team,
EDUHUB TECHNOLOGIES Pty Ltd,
teQwise Pty Ltd,
Corearth Australia Pty Ltd,
Smart Business Systems Pty Ltd,
S5 Technology Group,
Platform Interactive,
Senterprisys Ltd,
GAD Solutions Pty Ltd,
FleetPursuit Pty Ltd,
Dawnview AI,
Softlink Information Centres,
IDSecure,
Synergistics Australia,
TrumpCode,
Wilson Technology Solutions,
ANSIC Group™,
readyBC,
CostOS,
Nimbus Portal Solutions,
Information Edge,
Clear Objective,
IT Services Brisbane,
Safety Evolved,
Key Business Solutions,
Trudi®,
FSI - FM Solutions Limited (Canada),
LWARE,
Two Mates Media,
Hegtavic,
MapTrack,
Tandm International,
WebIT (formerly Webtech IT Solutions),
Evotec Pty Ltd,
Multiplai Interviews,
PolyVisionAi,
Coresoft Business Solutions,
Code Squirrel,
ITM Solutions,
Kreative Bugs,
SOLVE8 IT Services,
eCastle Pty Ltd,
Lightning Payroll,
iCasework,
Aclas Australia,
Ark Solutions,
ClearDeskHQ,
Voice Recognition Australia,
Glamezy,
Vaultech,
Inspired Techs,
CJ Global Tech Pty Ltd,
Bitflo,
Quotec Systems,
FSI - FM Solutions Limited (Hong Kong),
Tech Sprints,
Jemini HR & Payroll,
CYONIC I.T. Professionals,
ERP Support & Solutions Pty Ltd,
Isovist,
Naevette,
Contal Group,
Tigernix Pty Ltd,
Business Accelerator 365,
Buy A Business,
COGS Project Therapy Pty Ltd,
Kepler Soft,
Microloop IT Solutions,
BSNAPPS.COM,
The Big Dot,
PRIME BPM | USA,
Resource & Exploration Mapping Pty Ltd,
Binary Evolution,
Autolync Pty Ltd,
MiCare Global,
MapSDG,
Infoware Services,
YouTour,
Eyedea Media Makers,
Oriium Consulting,
Codeworx,
Mission Technology Solutions,
BCI Technology,
Innoflex Technology,
CMTech Pty Ltd.,
Techno Keet Pvt Ltd,
Solar Quotation System,
MOVOX Pty Ltd,
Future Business Technology Group,
Netcyphers,
Concord,
JDK Group PTY Ltd,
Datastor Australia,
GatewayDMS,
Wincollect CRM,
SpatialEngage,
Talent Tide,
DevScout,
MemNet Solutions,
Aktura Technology,
Safety Evolved,
Novade Australia & New Zealand,
DSA | Document Services Australia,
PRIME BPM | Australia,
Excel with BIM,
CONNECTi,
Heritage IT,
Tracelabs,
MaITs (Managed IT Services),
SiteLink International,
AppaFy Interactive,
RadioInspector,
Djenie,
Dossiere,
WaveForm Global Pty Ltd,
Step Consultancy Pty Ltd,
Inturo,
Nimaitech,
Memories Group Limited (Naoca),
Guj Infotech,
e-PayDay,
Ariussoft Infotech Pvt. Ltd,
EconomX,
Colaberate,
Podamibe Pty Ltd.,
CXTech Consulting - Australia,
simTRAC Australia,
VetTec,
Venturi,
o360,
Provida Pty Ltd,
SMACKGRC,
Computer Empire,
Livestock Exchange AU,
Celtis Australis,
Spartan IT,
InformationLeader,
Data Revolution Technologies Pty Ltd,
CAP Technology,
Cedar Creek Company Pty Ltd,
SuperGeek,
SR Force Consultants,
Cirrus Australia,
The Tehnika Group,
Omnix Transport Solutions,
IRIS Next Generation,
Perduco Technologies,
Thorsys Australia Pty. Ltd.,
Twin Global Solutions Pty Ltd,
Xorpian Technologies Pvt. Ltd.,
Business Continuity Asia Pacific,
Despatchy,
Digital Forms,
ListOnce,
Divergent VR,
eBECAS,
Precision Computers,
PCXCOM,
Harvardbridge Communications,
Incredo Solutions,
PureTek Pty Ltd,
ScriptSoft Pty Ltd,
WebIT+ListOnce,
Mac & PC Doctors,
Periwin Solutions,
Adexio Pty Ltd,
Techwalker Holdings Pty Ltd,
Conversant (Australia) Pty Ltd,
Bright WiFi,
Maintology,
Qubasoft,
Genesis Augmented Reality,
Consolidated Computer Services,
e-com Business Solutions,
VitalDX,
Radix DM,
Mechanoid Group,
Customer Management Technologies,
Spectrum Point Cloud & Modelling,
GAINS Asia Pacific,
DSP - Daniele Saunders & Partners,
Indigit Australia,
Mastermind NDIS Auditing Solutions,
Cognishift Technologies,
NightStar Partners AU,
GD&S Group P/L,
Global Checks,
EZYPM,
Project Pro Tech Consultants,
People In The Cloud Pty Ltd,
Global Era Technologies,
Ordinii Retail Limited,
TechNext Pty Ltd,
PBT Ostendo,
JUST RESTART,
Capche,
Enigma Global Technologies,
Multimedia Australia,
Spend-Tech,
Diligence Business Solutions,
Mate4tech,
SignDirector,
DigiDad,
My New Admin PTY LTD,
Seecode Pty Ltd,
OptimAITech Pty Ltd,
Xoom Cloud,
Softbird,
BikeBay,
Powderkeg Entertainment,
PKML Professional Services,
3KN Pty Ltd,
Smart File Box,
Tonershop Brisbane,
Acuere Technology,
SmarteBuild,
Reveal Tools,
App Space Solutions,
Professional Outsource Group,
BHL Insight,
Strata IT,
