Company Name,Email Address
VendorPanel,support@vendorpanel.com.au
Rhino Partners,info@rhino-partners.com
Ideal Business Software,admin@idealbusinessqld.com.au
Objective Corporation,info@objective.com
RedEye,info@redeye.co
Digital Maturity Group,info@digitalmaturitygroup.com
Readify,info@readify.com
Appinop Technologies,sales
Intact,info@intactgroup.com.au
Australian Spatial Analytics,info@asanalytics.com.au
ScaffPlan,info@scaffplan.com
Central Innovation,info@centralinnovation.com
ProcurePro,info@procurepro.co
LEAP Australia,info@leapaust.com.au
MYtech Consulting Services,info@mytechcs.com
WorkingMouse,info@workingmouse.com.au
eBizneeds,sales@ebizneeds.com
MyAffiliates,info@myaffiliates.com
Centaman,info@centaman.com.au
Console Group,consolesupport@reapit.com
Dynamics Square,info@dynamicssquare.com
Fast Four / Zone & Co,info@fastfour.com
Green2View Pty Limited,info@green2view.com
Aurion People & Payroll Solutions,sales@aurion.com
Emydex Technology,careersaustralia@emydex.com
Multimedia Technology,bris@mmt.com.au
ACETECH Global,info@acetech.com
Adfinis,info@adfinis.com.au
ACA Pacific,sales.qld@acapacific.com.au
Terem,info@terem.com.au
XigeniX,info@xigenix.com
NumDesk,growth@numdesk.com
Human Pixel Pty Ltd,sales@humanpixel.com.au
PASS SUITE,email not found
TIMG (The Information Management Group),sales@timg.com
Geekseat,enquiries@geekseat.com.au
Rubicon Red,enquiries@rubiconred.com
Certus Solutions Limited,info@certussolutions.com
foundU,info@foundu.com.au
Aspirante,info@aspirante.com.au
GIS People,info@gispeople.com.au
Annexa - NetSuite Solution Provider,sales@annexa.com.au
Felix,help@felix.net
TekGro,support@tekgro.au
Chevin Fleet Solutions,sales@chevinfleet.com.au
Biarri,info@biarri.com
MediRecords,support@medirecords.com
Steltix,daniel.smith@steltix.com
DIgSILENT Pacific,info@digsilentpacific.com.au
Powernet IT Solutions,support@power-net.com.au
NextDynamix Tech,info@nextdynamix.com
CREYSTO,santhosh.subramanium@creysto.com
Subscribe-HR,info@subscribe-hr.com.au
Joyn Group,info@joyngroup.com
UPG (Ultimate Positioning Group),info@upgsolutions.com
Lawcadia,enquiries@lawcadia.com
Appello,hello@appello.com.au
Comtrac,innov8@comtrac.com.au
Intelltech,info@intelltech.com
Swiftpos,info@swiftpos.com.au
Quorum,info@quorum.com.au
YOW! Conferences,The contact email address for YOW! Conferences isinfo@yowconference.com.YOW! Australia
ENTRA TECH,info@entratech.com.au
Tour Amigo,info@touramigo.com
THOMAX,"Thomax Technology Pty Ltd is a global logistics software specialist with offices in Australia, New Zealand, North America, and the United Kingdom.thomax.com"
SMC - Solution Minds Consulting,info@sm-c.com.au
Patient Zero,info@patientzero.com.au
ATech,info@atech.host
triSearch,The contact email address for triSearch in Brisbane is intrisearch.com.au
Transmax Pty Ltd,"The contact email address for Transmax Pty Ltd in Brisbane, Autransmax.com.au"
XPON Technologies Group (ASX:XPN),email not found
Cadgroup Australia,info@cadgroup.com.au
SafetyIQ - Predictability at work.,sales@safetyiq.com
Keross,info@keross.com
Consultation Manager,info@consultationmanager.com.au
MIP Australia,info@mip.com.au
Lynkz,info@lynkz.com.au
Advance Vision Technology,"The contact email address for Advance Vision Technology in Brisbane, Australia, isinfo@avtech.com.au.avtech.com.au"
ACMO,"The contact email address for ACMO, an Australian IT consulting and product development company, isinfo@acmo.com.au.Built In"
PhoenixDX,connect@phoenix-dx.com
TJS,info@tjsservices.com.au
EFTlab,"The contact email address for EFTlab, located in Brisbane, Australia, isinfo@eftlab.com.au.EFTlab"
Plaut IT Australia,info@plaut.com.au
Dava Mud,email not found
MYP Corporation,info@mypcorp.com.au
FTP,info@ftpsolutions.com.au
Polymathian - A Deswik Company,info@polymathian.com
SurePact,privacy@surepact.com
FUJIFILM Upstream Solutions,"The contact email address for FUJIFILM Upstream Solutions in Brisbane, Australia, isshm-fbau-upstream@fujifilm.com.Upstream | Document Management Solutions"
Netstar Australia,sales@netstaraus.com.au
iSystematic Inc.,info@isystematic.com
Vervio Digital,info@vervio.com.au
Event Zero,info@eventzero.com
Aspin ~ B2B Ecommerce & CRM Catalogue Ordering App,info@aspin.co.uk
bdna,info@bdna.com.au
Gaia Resources,info@gaiaresources.com.au
RBC Technology Group,"The contact email address for RBC Technology Group in Brisbane, Australia, issupport@rbcgroup.com.au.RBC Knowledge Base"
Truis,"The contact email address for Truis, located in Brisbane, Australia, isshop@truis.com.au.Truis Store"
Bueno,info@buenoshoes.com.au
Code for Australia,info@codeforaustralia.org
Field Solutions Group (ASX:FSG),info@fieldsolutions-group.com
PBT | Progressive Business Technologies,The contact email address for Progressive Business Technologies (PBT) isadmin@pbt.net.au.pbt.net.au
Labrys,"The contact email address for Labrys, a blockchain technology company based in Brisbane, Australia, isinfo@labrys.io.labrys.io"
KLINGE,info@klinge.com.au
Switch Connect,support@switchconnect.com.au
Encore IT Services,"The contact email address for Encore IT Services in Brisbane, Australia, isshelley@encoreit.com.au.Labour Hire Licensing Queensland"
Corporate Initiatives (Ci),The contact email address for Corporate Initiatives (Ci) in Brisbane isestimating@thecigroup.com.au.thecigroup.com.au
SixPivot,sales@sixpivot.com.au
Gruden,info@gruden.com
FireMate - acquired by Uptick,info@uptickhq.com
Titan Dealer Management Solutions (Titan DMS),"The contact email address for Titan Dealer Management Solutions (Titan DMS) in Brisbane, Australia, issupport@titandms.com.au.titandms.com.au"
XP Solutions,info@xpsolutions.com.au
Five Faces,info@fivefaces.com.au
OneKloudX | NetSuite Partner Australia,info@onekloudx.com.au
DFLOW,info@dflow.com.au
UBH Group,enquiries@ubhgroup.com.au
The Alpha School System (TASS),info@tassweb.com.au
Henderson Technology - EDGEPoS,"The contact email address for Henderson Technology, the company behind EDGEPoS, issales@henderson.technology.Henderson Technology"
NRG Phoenix Technology,info@nrg-phoenix.com.au
DalRae Solutions,"The contact email address for DalRae Solutions in Brisbane, Australia, isinfo@dalraesolutions.com.dalraesolutions.com"
Bad Monkeys,email not found
Freelance Robotics,info@freelancerobotics.com.au
Mandalay Technologies,"The contact email address for Mandalay Technologies in Brisbane, Australia, issales@mandalaytech.com.Mandalay Technologies"
Chemwatch,sales@chemwatch.net
Selected Interventions,"The contact email address for Selected Interventions, located at 71 Eagle Street, Brisbane, QLD 4000, Australia, isinfo@selectedinterventions.com.au.Selected Interventions"
DreamWalk App Development,info@dreamwalk.com.au
CONQA,support@conqahq.com
Cloudcon,info@cloudcon.com.au
Idea 11,sales@idea11.com.au
Moonward® Apps,hello@moonward.com.au
Whitefox Cloud Consulting,info@whitefox.cloud
FlyFreely,support@flyfreely.io
BlackRock® Cachematrix™,clientservices.aus@blackrock.com
3 DOT DIGITAL,info@3dot.digital
Metro Midas,solutions@metromidas.com
Leverage Technologies,sales@leveragetech.com.au
EzeScan,sales@ezescan.com.au
QualiWare,sales@qualiware.com
Zahara,aus@zaharasoftware.com
Quinoid Business Solutions,The contact email address for Quinoid Business Solutions isinfo@quinoid.com.Quinoid
Digital Terrain,qld@digitalterrain.io
Codafication,hello@codafication.com
zzoota,"The contact email address for zzoota, located in Brisbane, Australia, ishello@zzoota.com.zzoota"
Optical Solutions Australia (OSA),The contact email address for Optical Solutions Australia (OSA) in Brisbane isqldcon@opticalsolutions.com.au.Optical Solutions Australia
365 Architechs Pty Ltd,sales@365a.com.au
VeriDoc Global,"The contact email address for VeriDoc Global in Brisbane, Australia, isadmin@veridocglobal.com.VeriDoc Global"
TabLogs,support@tablogs.com.au
IONYX,"The contact email address for IONYX Pty Ltd, located in Brisbane, Australia, issupport@ionyx.com.au.Ionxy"
TEMSCONSU,info@temsconsu.com
Parasyn,email not found
iVolve Industrial Technology,info@ivolve.com
Red Oxygen - SMS From Your PC,sales@redoxygen.com
Techscrolll,hello@techscrolll.com
Solentive,info@solentive.com
eCTD Global (a subsidiary of Masuu Group of Companies),"The contact email address for eCTD Global, a subsidiary of Masuu Global, isinfo@masuuglobal.com.Masuu Global"
SMART PLACE AG,email not found
Retail Express by Maropost,The contact email address for Retail Express by Maropost isSupport@maropost.com.Maropost Commerce Suite
YNOT Consulting Services,The contact email address for YNOT Consulting Services isadmin@ynotconsulting.com.au.Y Not Consulting
Viveo Group,info@viveogroup.com
Kilimanjaro Consulting,sales@kilimanjaro-consulting.com
Konect Software,email not found
Vonex,helpdesk@vonex.com.au
TUFLOW,sales@tuflow.com
Payapps Limited,support@payapps.com
Codebots,team@codebots.com
Redman Solutions,hello@redmansolutions.com.au
Userback,support@userback.io
Able Home and Office (PNG),info@able.com.pg
ComActivity,info@comactivity.com.au
Smart City Systems,info@smartcity-au.com
Techwally,email not found
Checkfirst,"The contact email address for Check First Building Inspections in Brisbane, Australia, isdan@checkfirst.net.au.CheckFirst"
Q2 Solutions,"The contact email address for Q2 Solutions in Brisbane, Australia, is [email protected].Q2 Solutions - Hotel Operations Software"
Nexvia,"The contact email address for Nexvia in Brisbane, Australia, issupport@nexvia.com.au.Nexvia"
Squizify - Digital Food Safety Solutions,"The contact email address for Squizify, a digital food safety solutions company based in Brisbane, Australia, is [email protected].SignalHire"
Broadband Solutions,support@broadbandsolutions.com.au
Emate Technologies,email not found
Tigernix,info@tigernix.com.au
VIRTUENIX | Salesforce Partner,hello@virtuenix.com
Bidpath,"The contact email address for Bidpath in Brisbane, Australia, is [email protected].Bidpath"
Area9 IT Solutions,"The contact email address for Area9 IT Solutions in Brisbane, Australia, isservicedesk@area9.com.au.Area9"
Scalybee Digital Private Limited,"The contact email address for Scalybee Digital Pvt.Ltd in Brisbane, Australia, isinquiry@scalybee.com.Scalybee Digital Pvt.Ltd"
Attekus,info@attekus.com.au
XPON,"XPON Technologies Group Limited is located at Office 02-115, 310 Edward Street, Brisbane, Queensland, Australia 4000.XPON Technologies"
CJV Partners,info@cjvpartners.com.au
BBC Digital Australia,"The contact email address for BBC Digital Australia in Brisbane, Australia, is [email protected].ContactOut"
ISW,info@isw.net.au
RapidAIM Pty Ltd,"The contact email address for RapidAIM Pty Ltd in Brisbane, Australia, issupport@rapidaim.freshdesk.com.RapidAIM"
Hive Group Inc.,info@hivegroupinc.com
Prime Ecosystem Pty Ltd,info@primeecosystem.com.au
TeleResult,"The contact email address for TeleResult in Brisbane, Australia, issupport@teleresult.com.au.teleresult.com.au"
GPC,The contact email address for GPC Asia Pacific's Brisbane Distribution Centre isreceiving.brisbane@repco.com.au.GPC Inbound
andersenIT,"The contact email addresses for Mark Andersen, Managing Director at andersenIT, are:"
FuseWorks,"The contact email address for FuseWorks in Brisbane, Australia, issupport@fuse.work.FuseWorks"
"Optizmo Technologies, LLC",info@optizmo.com
KE Consulting (UK and Australia),The contact email address for KE Consulting (UK and Australia) isinfo@kecdynamics.com.KEC Dynamics
Consillion Australia & New Zealand,"The contact email address for Consillion Australia, which operates in Brisbane, Australia, ishelpdeskau@consillion.com.Consillion"
OSS Group Ltd,The contact email address for OSS Maritime Group's Brisbane branch isbrisbane@maritimegroup.com.au.Oss Maritime Group
Orien,"The contact email address for Orien, located in Brisbane, Australia, issales@orien.com.au.Orient Dental Supplies"
Datum360,"The contact email address for Datum360 in Brisbane, Australia, isnigel.newbury@datum360.com.Datum360"
SG NewTech,"The contact email address for SG NewTech in Brisbane, Australia, issales@sgnewtech.com.SG New Tech"
Infoview,"The contact email address for Infoview in Brisbane, Australia, isdelve.deeper@infoview.com.au.Infoview"
Life at Tridhya Tech,The contact email address for Tridhya Tech's Brisbane office isinfo@tridhyatech.com.Tridhya Tech
Predico,"The contact email address for Predico Software Pty Ltd in Brisbane, Australia, isinfo@predico.com.au.Predico Software"
Alii - Accounts Payable & P2P Automation,"The contact email address for Alii - Accounts Payable & P2P Automation in Brisbane, Australia, isinfo@myalii.cloud.Alii™"
Idealpos,"The contact email addresses for Idealpos in Brisbane, Australia, are:"
LeanQ,"The contact email address for LeanQ in Brisbane, Australia, isinfo@leanq.digital.LeanQ"
Maintenance Experts,The contact email address for Brisbane Maintenance Experts isinfo@brisbanemaintenanceexperts.com.au.Brisbane Maintenance Experts
Appenate,"The contact email address for Appenate, located in Brisbane, Australia, ishello@appenate.com.Appenate"
Cordell Information,"The contact email address for Cordell Information in Brisbane, Australia, isinfo@cordellconnect.com.au.Datanyze"
MediaForm,"The contact email address for MediaForm in Brisbane, Australia, issales@mediaform.com.au.MediaForm"
Avantix,"The contact email address for Avantix, located in Brisbane, Australia, isinfo@avantix.com.au.Homepage"
Thrive Technologies,"The contact email address for Thrive Technologies in Brisbane, Australia, isinfo@thrivetech.com.au.Thrive Tech"
Zeligate,"The contact email address for Zeligate in Brisbane, Australia, isinfo@zeligate.ai.In AI Today"
Chartertech Pty Ltd (acquired by KPMG Australia),"The contact email address for Chartertech Pty Ltd, now part of KPMG Australia, ishjewell@kpmg.com.au.KPMG"
Intov8 Pty Ltd,"The contact email address for Intov8 Pty Ltd in Brisbane, Australia, isinfo@intov8.com.au.Corvus by Intov8"
TEMSCORP - Omnium Lite - Test & IT Environment Management DevOps Toolset.,"The contact email address for TEMSCORP, the company behind Omnium Lite Test & IT Environment Management DevOps Toolset, istemsteam@temscorp.com.Omnium Lite"
EDT,The contact email address for EDT Global's Brisbane office isinfo@edtglobal.com.EDT Global
TTG,"The contact email address for TTG Community Engagement Pty Ltd in Brisbane, Australia, isinfo@ttgengage.com.au.Dun & Bradstreet"
vinCreative,"The contact email address for vinCreative in Brisbane, Australia, issales@vincreative.com.Wine Industry Directory"
TeqPier Technologies Pty Ltd,The contact email address for TeqPier Technologies Pty Ltd isinfo@teqpier.com.au.Teqpier
SureBridge,"The contact email address for SureBridge in Brisbane, Australia, isinfo@surebridge.com.au.Person Lookup"
NetEngine,"The contact email address for NetEngine in Brisbane, Australia, iscontact@netengine.com.au.NetEngine"
Focus Professional Services,"The contact email address for Focus Professional Services in Brisbane, Australia, issean.ackaert@focus-ps.com.au.Labour Hire Licensing Queensland"
Autonomation,"The contact email address for Autonomation in Brisbane, Australia, iscontact@autonomation.co.AUTONOMATION - Make AEC Smarter"
MVP Ventures,"The contact email address for MVP Ventures in Brisbane, Australia, isinfo@mvp1.com.au.ContactOut"
Freshmethod,"The contact email address for Freshmethod in Brisbane, Australia, isinfo@freshmethod.com.au.Freshmethod"
Verlata Consulting,"Verlata Consulting is located at Level 24, 324 Queen Street, Brisbane QLD 4000.Verlata Consulting"
DataMC,"The contact email address for DataMC in Brisbane, Australia, isenquiries@datamc.com.DataMC"
Pegasus Systems,"The contact email address for Pegasus Systems in Brisbane, Australia, issales@pegasussystems.com.Pegasus Systems"
A2K Store,"The contact email address for A2K Store in Brisbane, Australia, ismarketing@a2ktechnologies.com.au.Yellow Pages Australia"
OnPlan: A COSOL Company,"The contact email address for OnPlan: A COSOL Company in Brisbane, Australia, ispaul@onplan.com.au.OnPlan"
Fenwick,"The contact email address for Fenwick in Brisbane, Australia, issupport@fenwick.com.au.Fenwick Support"
Speedwell,"The contact email address for Speedwell in Brisbane, Australia, isinfo@speedwell.com.au.Infobel"
eagle.io,email not found
Lux Modus,"The contact email address for Lux Modus in Brisbane, Australia, issales@luxmodus.com.Lux Modus"
QikKids,"The contact email address for QikKids in Brisbane, Australia, issupport@qktech.com.au.Qikkids"
Service Quality,"The contact email address for Service Quality in Brisbane, Australia, issales@servicequality.com.au.Ivanti"
InTele Training,"The contact email address for InTele Training in Brisbane, Australia, isinfo@intele.com.au.InTele Training"
Fedelta Point of Sale,"The contact email address for Fedelta Point of Sale in Brisbane, Australia, issales@fedeltapos.com.Fedelta"
Productiv,"The contact email address for Productiv in Brisbane, Australia, isinfo@productiv.au.PRODUCTIV -"
FlexiDev,"The contact email address for FlexiDev in Brisbane, Australia, isenquiries@flexidev.co.FlexiDev"
UrbanChain Group,email not found
finPOWER,"The contact email address for finPOWER in Brisbane, Australia, issupport@finpower.com.au.Finpower Australia"
Client Sense,"The contact email address for Client Sense in Brisbane, Australia, is not publicly available. However, you can reach out to them through their contact form on their website:Client Sense"
"AVT - Absolute Vision Technologies (Oracle NetSuite VAR, Partner & SI)",anthony.long@abvt.com.au
INTELICS,"The contact email address for INTELICS Pty Ltd, located at 310 Edward Street, Brisbane QLD 4000, Australia, isadmin@intelics.com.au.Intelic"
Fortis Security,"The contact email address for Fortis Security in Brisbane, Australia, issales@fortissecurity.com.au.Fortis Security"
Crunchwork,"The contact email address for Crunchwork in Brisbane, Australia, ishello@codafication.com.Crunchwork"
GPK Group Pty Ltd,"The contact email address for GPK Group Pty Ltd in Brisbane, Australia, isinfo@gpkgroup.com.au.GPK Group"
Aliva Pty Ltd,"The contact email address for Aliva Pty Ltd in Brisbane, Australia, isinfo@aliva.com.au.Aliva Pty Ltd"
Lime Intelligence - Data to Decisions,"The contact email address for Lime Intelligence in Brisbane, Australia, issales@limeintel.com.Lime Intelligence"
UpSela,The contact email address for UpSela Talent Solutions iscontact@upsela.io.Upsela
Campfire Digital Services,"The contact email address for Campfire Digital Services in Brisbane, Australia, issales@campfire.com.au.Western Australian Government"
Liberate I.T. - now a Fusion5 Company,info@liberateit.co.uk
Step Fwd IT,"The contact email address for Step Fwd IT in Brisbane, Australia, issupport@stepfwdit.com.au.Step Fwd IT"
Oncord,"The contact email address for Oncord in Brisbane, Australia, is not publicly available. However, you can reach out to them through their contact form on their website:Oncord"
ZUYYU,"The contact email address for Zuyyu, a company with an office at 59 Luke Street, Hemmant, Brisbane, Queensland - 4174, issales@zuyyu.in.Zuyyu"
Enterprise Wide,sales@enterprisewide.com
ARLab,"The contact email address for ARLab in Brisbane, Australia, is not publicly available. However, you can reach out to them through their contact form on their website:AR Lab"
Tonic Technologies,"The contact email address for Tonic Technologies in Brisbane, Australia, isenquiries@tonictechnologies.com.au.Tonic Technologies"
Catalyst IT Australia | E-learning Technology Services,"The contact email address for Catalyst IT Australia | E-learning Technology Services in Brisbane, Australia, isinfo@catalyst.net.nz.SignalHire"
The Cravern Group,"The contact email address for The Cravern Group in Brisbane, Australia, is not publicly available. However, you can reach out to them through their contact form on their website:Cravern"
Pulse,"Pulse Electrical is a company based in Brisbane, Australia. You can contact them at:"
Assurity Australia,"The contact email address for Assurity Australia in Brisbane, Australia, isinfo@assurity.com.au.Assurity AU"
Computer One,"The contact email address for Computer One in Brisbane, Australia, issupport@computerone.com.au.Computer One"
Eagle Eye Tech One,"The contact email address for Eagle Eye Tech One in Brisbane, Australia, is not publicly available. However, you can reach out to them through their contact form on their website:SignalHire"
Jedi Hill TaaS,"The contact email address for Jedi Hill TaaS in Brisbane, Australia, isservice@jedihilltaas.com.au.Jedi Hill TaaS"
Novabridge,"The contact email address for Novabridge in Canberra, Australia, ishello@novabridge.com.au.Nova Bridge"
RES. Business IT,"The contact email address for RES. Business IT in Brisbane, Australia, isinfo@resit.com.au.RES. Business IT"
IT Integrity,"The contact email address for IT Integrity in Brisbane, Australia, isinfo@itintegrity.com.au.IT Integrity"
Zoku Integrated Commerce,The contact email address for Zoku Integrated Commerce isinfo@zokusuite.com.Zoku Integrated Commerce
Ascom Norway AS,"The contact email address for Ascom Norway AS in Oslo, Norway, isfirmapost@ascom.no.Zenitel"
MAXART,"The contact email address for MAXART in Brisbane, Australia, isinfo@maxart.com.au.MAXART"
Dancrai - A CrossPoint Technology Solutions Company,"The contact email address for Dancrai - A CrossPoint Technology Solutions Company in Brisbane, Australia, isdancrai@dancrai.com.au.SignalHire"
Keyob,"The contact email address for Keyob in Brisbane, Australia, isinfo@keyob.com.Keyob"
AR Digital Solutions,"The contact email address for AR Digital Solutions in Brisbane, Australia, isinfo@ardigitalsolutions.com.au.AR Digital Solutions"
C9,"The contact email address for C9 in Brisbane, Australia, isinfo@c9.com.au.C9"
Conscierra,"The contact email address for Conscierra in Brisbane, Australia, isinfo@conscierra.au.Conscierra"
Webbernet,"The contact email address for Webbernet in Brisbane, Australia, isinfo@webbernet.com.au.Webbernet"
Broadcast Virtual,"The contact email address for Broadcast Virtual, which operates in Brisbane, Australia, issales@broadcastvirtual.com.Broadcast Virtual"
Shivam Technologies,"The contact email address for Shivam Technologies in Brisbane, Australia, isinfo@shivam.com.au.Shivam"
"Ey3 - Web, Database & Information Systems","The contact email address for Ey3 - Web, Database & Information Systems in Brisbane, Australia, isinfo@ey3.com.Ey3"
Libertas Partners Pty Ltd,"The contact email address for Libertas Partners Pty Ltd in Brisbane, Australia, isinfo@libertas.com.au.Libertas"
LANEX Australia,"The contact email address for LANEX Australia, located at Level 6, 123 Eagle Street, Brisbane, QLD 4000, issales@lanex.au.Lanex Australia"
PartsCheck,"The contact email address for PartsCheck in Brisbane, Australia, is not publicly available. However, you can reach out to them through their contact form on their website:PartsCheck"
Independent Solutions (Australia),"The contact email address for Independent Solutions (Australia) in Brisbane, Australia, issupport@independentsolutions.com.au.Independent Solutions Australia"
Knowledge Books & Software,"The contact email address for Knowledge Books and Software in Brisbane, Australia, issales@kbs.com.au.Knowledge Books and Software"
Zeroseven,"The contact email address for Zeroseven, a digital strategy and .NET development agency based in Brisbane, Australia, iscontact@zeroseven.com.au.Zeroseven"
Tourism Media Pty Ltd,"The contact email address for Tourism Media Pty Ltd in Brisbane, Australia, isinfo@tourismmedia.com.au.ContactOut"
Platformers®,"The contact email address for Platformers® in Brisbane, Australia, iscontact@platformers.com.au.Platformers"
Unicard - Identity Solutions,"The contact email address for Unicard - Identity Solutions in Brisbane, Australia, issales@unicard.com.au.Unicard"
Uveaa,"The contact email addresses for Uveaa, located at 9/204 Alice St, Brisbane QLD 4000, are:"
IMRnext,"The contact email address for IMRnext in Brisbane, Australia, isinfo@imrnext.com.SignalHire"
Access Intell - Credit Management,"The contact email address for Access Intell - Credit Management in Brisbane, Australia, isadmin@accessintell.com.Access Intell"
Sprint,"The contact email address for Sprint Ventures in Brisbane, Australia, isinfo@sprint.vc.Sprint Ventures"
OneCNC,"The contact email address for OneCNC in Brisbane, Australia, issupport@onecnc.com.au.OneCNC"
FSI- FM Solutions Limited (APAC),"The contact email address for FSI (FM Solutions) APAC Pty Ltd in Brisbane, Australia, isinfo@fsifm.com.i-FM"
ICEMEDIA,info@icemedia.com.au
Code Heroes,hello@codeheroes.com.au
Tactiv Pty Ltd,"The contact email address for Tactiv Pty Ltd in Brisbane, Australia, isinfo@tactiv.net.ContactOut"
Entegy Events,"The contact email address for Entegy PTY LTD in Brisbane, Australia, isinfo@entegy.events.Entegy PTY LTD"
Claratti,"The contact email address for Claratti in Brisbane, Australia, isinfo@claratti.com.au.Claratti"
DLTx Labs,"The contact email address for DLTx Labs in Brisbane, Australia, isinfo@dltx.io.ContactOut"
RACELAB Global,"The contact email address for RACELAB Global in Brisbane, Australia, isinfo@racelabglobal.com.SignalHire"
Earth Technology,"The contact email address for Earth Technology Pty Ltd in Brisbane, Australia, issupport@earthtechnology.net.Earth Tech"
uWorkin,"The contact email address for uWorkin in Brisbane, Australia, isinfo@uworkin.com.Adapt"
Pronamics Pty Ltd,"The contact email address for Pronamics Pty Ltd, located in Brisbane, Australia, isalerts@pronamics.com.au.Cybo"
PowerHouse Hub,"The company 'PowerHouse Hub' is associated with Brisbane Powerhouse, an arts and cultural venue located at 119 Lamington St, New Farm, QLD 4005, Australia.Brisbane Powerhouse"
Nidhi-Techworld,"The contact email address for Nidhi-Techworld in Brisbane, Australia, isinfo@nidhi-techworld.com.ZipLeaf Australia"
Flying Donkey IT,"The contact email address for Flying Donkey IT in Brisbane, Australia, isinfo@flyingdonkey.com.au.Flying Donkey"
SmartCITY Australia,"The contact email address for Smart City Australia in Brisbane, Australia, isinfo@smartcity.com.au.Smart City"
CloudZone One,"The contact email address for CloudZone One in Brisbane, Australia, isinfo@czo.com.au.CloudZone One"
ActiveDocs,"The contact email address for ActiveDocs in Brisbane, Australia, isinfo@activedocs.com.ActiveDocs"
Perigon One,"The contact email address for Perigon One in Brisbane, Australia, isreachout@perigonone.com.au.Perigon One"
Trapeze Group ANZ,"The contact email address for Trapeze Group ANZ in Brisbane, Australia, isinfo@trapezegroup.com.au.Trapeze Group"
BrainStorm IT,"The contact email address for BrainStorm IT in Brisbane, Australia, isinfo@brainstormit.com.au.Brainstorm Software"
Black Quadrant Technologies,"The contact email address for Black Quadrant Technologies in Brisbane, Australia, isteam@blackquadrant.com.blackquadrant.com"
SMG,"The contact email address for SMG (Synchromedia Group) in Brisbane, Australia, isenquiries@smg.com.au.Web Design Brisbane - Synchromedia Group"
NEXUSsoft Pty Ltd,"The contact email address for NEXUSsoft Pty Ltd in Brisbane, Australia, issupport@nexussoft.com.au.Nexus Soft"
Fluent Group,"The contact email address for Fluent Group in Brisbane, Australia, isben.orourke@fluentproperty.com.au.Fluent"
PhoenxPLM - an ARKANCE Company,"The contact email address for PhoenxPLM - an ARKANCE Company in Brisbane, Australia, issolutions@arkance.world.Defence Magazine"
Enabling Pty Ltd,"The contact email address for Enabl in Brisbane, Australia, ishello@enabl.work.Enabl"
Alliance Business Technologies,"The contact email address for Alliance Business Technologies in Brisbane, Australia, issales@abtechnologies.com.au.AB Technologies"
Whitesoft PTY Ltd,"The contact email address for Whitesoft Pty Ltd in Burpengary East, Queensland, Australia, is not publicly available. However, you can reach them by phone at +61 1800 571 247.Australia247"
Evocate,"The contact email address for Evocate in Brisbane, Australia, issupport@evocate.com.au.Evocate"
Output42,"The contact email address for Output42 in Brisbane, Australia, isinfo@output42.com.Output42"
IT&C Technology Solutions Provider,support@itnc.com.au
Digital Genius,"The contact email address for Digital Genius Pty Ltd in Milton, Queensland, Australia, iscon@digitalgenius.com.au.Infobel"
Star Business Solutions,"The contact email address for Star Business Solutions in Brisbane, Australia, isrxxxxxxxxxxxa@starbusinesssolutions.com.au.SignalHire"
BetCloud,"The contact email address for BetCloud in Brisbane, Australia, is not publicly available. However, you can reach them through their website's contact form atbetcloud.com.au. Additionally, you can find more information about their team and services on theirLinkedInpage."
Global-Roam Pty Ltd,"The contact email address for Global-Roam Pty Ltd in Brisbane, Australia, isenquiry@global-roam.com.Smart Energy Portal"
WK Digital,"The contact email address for WK Digital in Brisbane, Australia, isinfo@wkdigital.com.au.WK Digital"
Acumen Consulting,"The contact email address for Acumen Consulting in Brisbane, Australia, issales@acumencentral.com.au.Acumen Consulting"
Aeonaxis Softech (P) LTD,The contact email address for Aeonaxis Softech (P) LTD isinfo@aeonaxisoftech.com.Aeonaxis Softech
NW Computing,"The contact email address for NW Computing in Brisbane, Australia, ishelpdesk@nwcomputing.com.au.NW Computing"
ASI Solutions Government,"The contact email address for ASI Solutions in Brisbane, Australia, issales@asi.com.au.ASI Solutions"
Endpoint IQ,"The contact email address for Endpoint IQ in Brisbane, Australia, ishello@endpointiq.com.au.Endpoint IQ"
Extensia,"The contact email address for Extensia in Brisbane, Australia, isenquiries@extensia.com.au.Extensia"
Reddy2Grow,"The contact email address for Reddy2Grow in Brisbane, Australia, is not publicly available. However, you can reach them by phone at 07733 067064.Australia247"
OurProperty,"The contact email address for OurProperty in Brisbane, Australia, isinfo@ourproperty.com.au.Shore Agents"
